plugin_name,python_versions_classifiers,requires_python,num_python_versions,supports_python_3,latest_python_version,has_napari_dependency,napari_pin_type,has_testing_deps,num_testing_frameworks,python_score,napari_score,testing_score,health_score
acquifer-napari,"['3', '3.7', '3.8', '3.9']",>=3.7,4,True,3.9,True,unpinned,False,0,1,1,0,0.6666666666666666
affinder,"['3', '3.10', '3.11', '3.9']",>=3.9,4,True,3.11,True,unpinned,True,4,1,1,1,1.0
allencell-segmenter-ml,"['3', '3.10', '3.9']","<3.11,>=3.9",3,True,3.10,True,minimum,True,5,1,1,1,1.0
alveoleye,"['3', '3.10', '3.8', '3.9']",>=3.8,4,True,3.10,True,unpinned,True,3,1,1,1,1.0
anchor-droplet-chip,['3'],>=3.8,1,True,3,True,unpinned,True,2,1,1,1,1.0
annotrack,['3'],>=3.7,1,True,3,True,unpinned,True,1,1,1,1,1.0
applet3,"['3', '3.10', '3.11', '3.12', '3.13']",==3.10.16,5,True,3.13,True,unpinned,True,4,1,1,1,1.0
arcos-gui,"['3', '3.10', '3.11', '3.12', '3.9']",>=3.9,5,True,3.12,True,unpinned,True,2,1,1,1,1.0
arcospx-napari,"['3', '3.10', '3.11', '3.12', '3.13']",>=3.10,5,True,3.13,True,unpinned,True,4,1,1,1,1.0
autolamella,['3.8'],>=3.8,1,True,3.8,False,none,False,0,1,0,0,0.3333333333333333
avidaq,"['3', '3.10', '3.8', '3.9']",>=3.8,4,True,3.10,True,unpinned,True,4,1,1,1,1.0
axondeepseg,"['3', '3.11', '3.12']","<3.13,>=3.11",3,True,3.12,True,unpinned,True,3,1,1,1,1.0
bactfit,"['3', '3.10', '3.11', '3.9']",>=3.9,4,True,3.11,False,none,False,0,1,0,0,0.3333333333333333
bbii-decon,"['3', '3.7', '3.8', '3.9']",>=3.7,4,True,3.9,True,minimum,False,0,1,1,0,0.6666666666666666
beetlesafari,['3'],>=3.7,1,True,3,True,unpinned,False,0,1,1,0,0.6666666666666666
bfio,['3'],>=3.8,1,True,3,False,none,False,0,1,0,0,0.3333333333333333
bia-bob,"['3', '3.10', '3.11', '3.12', '3.8', '3.9']",>=3.8,6,True,3.12,False,none,True,3,1,0,1,0.6666666666666666
biaplotter,"['3', '3.10', '3.11', '3.12', '3.13']",>=3.10,5,True,3.13,True,unpinned,True,4,1,1,1,1.0
blik,"['3', '3.10', '3.11', '3.9']",>=3.10,4,True,3.11,True,minimum,True,3,1,1,1,1.0
brainglobe-napari-io,"['3', '3.11', '3.12', '3.13']",>=3.11,4,True,3.13,True,minimum,True,5,1,1,1,1.0
brainglobe-registration,"['3', '3.11', '3.12', '3.13']",>=3.11,4,True,3.13,True,minimum,True,5,1,1,1,1.0
brainglobe-segmentation,"['3', '3.11', '3.12', '3.13']",>=3.11,4,True,3.13,True,unpinned,True,4,1,1,1,1.0
brainglobe-stitch,"['3', '3.10', '3.11', '3.12']",>=3.10,4,True,3.12,True,unpinned,True,5,1,1,1,1.0
brainglobe-utils,"['3', '3.11', '3.12', '3.13']",>=3.11,4,True,3.13,True,unpinned,True,5,1,1,1,1.0
brainreg-napari,"['3', '3.10', '3.11', '3.9']",>=3.9.0,4,True,3.11,True,unpinned,True,4,1,1,1,1.0
brainreg-segment,"['3.10', '3.8', '3.9']",>=3.9,3,True,3.10,True,unpinned,True,4,1,1,1,1.0
brainreg,"['3.11', '3.12', '3.13']",>=3.11,3,True,3.13,True,minimum,True,4,1,1,1,1.0
brainrender-napari,"['3', '3.11', '3.12', '3.13']",>=3.11.0,4,True,3.13,True,minimum,True,5,1,1,1,1.0
brainways,"['3', '3.10', '3.11', '3.12', '3.9']",>=3.9,5,True,3.12,True,minimum,True,4,1,1,1,1.0
brendan-beads,"['3', '3.10', '3.11', '3.12', '3.13']",>=3.10,5,True,3.13,True,unpinned,True,4,1,1,1,1.0
brillouin-imaging,"['3', '3.10', '3.11', '3.12', '3.13']",>=3.10,5,True,3.13,True,unpinned,True,4,1,1,1,1.0
btrack,"['3', '3.10', '3.11', '3.9']",>=3.9,4,True,3.11,True,minimum,False,0,1,1,0,0.6666666666666666
cell-aap,['3'],"<3.13,>=3.11",1,True,3,True,minimum,False,0,1,1,0,0.6666666666666666
cellcanvas,"['3', '3.10', '3.8', '3.9']",>=3.8,4,True,3.10,True,unpinned,True,4,1,1,1,1.0
cellfinder-napari,"['3', '3.10', '3.8', '3.9']",>=3.8,4,True,3.10,True,minimum,True,3,1,1,1,1.0
cellfinder,"['3', '3.11', '3.12', '3.13']",>=3.11,4,True,3.13,True,unpinned,True,4,1,1,1,1.0
cellpose-counter,"['3', '3.10', '3.11', '3.12']",>=3.10,4,True,3.12,True,unpinned,True,4,1,1,1,1.0
cellpose-napari,"['3', '3.7', '3.8', '3.9']",>=3.7,4,True,3.9,True,unpinned,True,4,1,1,1,1.0
cochlea-synapseg,"['3', '3.10', '3.11', '3.12', '3.9']",>=3.9,5,True,3.12,True,unpinned,True,4,1,1,1,1.0
cryocanvas,"['3', '3.10', '3.8', '3.9']",>=3.8,4,True,3.10,True,unpinned,True,4,1,1,1,1.0
cut-detector,"['3', '3.10', '3.9']",>=3.9,3,True,3.10,True,unpinned,True,4,1,1,1,1.0
cylindra,"['3.10', '3.11', '3.12']",>=3.10,3,True,3.12,True,minimum,True,3,1,1,1,1.0
darth-d,"['3', '3.7', '3.8', '3.9']",>=3.8,4,True,3.9,False,none,False,0,1,0,0,0.3333333333333333
destripe-lsfm,"['3', '3.10', '3.11', '3.9']",>=3.9,4,True,3.11,True,unpinned,True,4,1,1,1,1.0
devbio-napari,"['3', '3.10', '3.11', '3.9']",>=3.9,4,True,3.11,True,unpinned,False,0,1,1,0,0.6666666666666666
disease-classifier,"['3', '3.10', '3.8', '3.9']",>=3.8,4,True,3.10,True,unpinned,True,4,1,1,1,1.0
domb-napari,"['3.10', '3.11', '3.8', '3.9']",>=3.8,4,True,3.11,True,unpinned,False,0,1,1,0,0.6666666666666666
eats-worm,['3'],<3.11,1,True,3,True,unpinned,False,0,1,1,0,0.6666666666666666
ebi-oct,[],>=3.11,0,False,,True,minimum,True,1,0,1,1,0.6666666666666666
elastix-napari,"['3', '3.10', '3.8', '3.9']",>=3.8,4,True,3.10,True,minimum,False,0,1,1,0,0.6666666666666666
empanada-napari,"['3', '3.7', '3.8', '3.9']",>=3.7,4,True,3.9,True,minimum,False,0,1,1,0,0.6666666666666666
epicure,"['3', '3.10', '3.8', '3.9']",>=3.8,4,True,3.10,True,unpinned,True,4,1,1,1,1.0
epitools,"['3', '3.10', '3.9']",>=3.9,3,True,3.10,True,unpinned,True,1,1,1,1,1.0
faser,"['3', '3.10', '3.11', '3.12', '3.9']","<3.13,>=3.9",5,True,3.12,False,none,False,0,1,0,0,0.3333333333333333
featureforest,"['3', '3.10', '3.11', '3.12']",>=3.10,4,True,3.12,True,unpinned,True,3,1,1,1,1.0
fibsem,['3.8'],>=3.8,1,True,3.8,True,range,True,1,1,1,1,1.0
fish-scan,"['3', '3.10', '3.11', '3.12', '3.9']",>=3.9,5,True,3.12,True,unpinned,True,4,1,1,1,1.0
fishfeats,"['3.10', '3.11', '3.8', '3.9']",>=3.7,4,True,3.11,True,maximum,False,0,1,1,0,0.6666666666666666
fitellipsoid,"['3', '3.10', '3.11', '3.12', '3.13']",>=3.10,5,True,3.13,True,unpinned,True,4,1,1,1,1.0
flood-napari,"['3', '3.7', '3.8', '3.9']",>=3.7,4,True,3.9,True,minimum,False,0,1,1,0,0.6666666666666666
frontveg,"['3', '3.10', '3.11', '3.12', '3.13']",==3.11.12,5,True,3.13,True,unpinned,True,4,1,1,1,1.0
fspi-analysis,"['3', '3.10', '3.11', '3.12', '3.13']",>=3.10,5,True,3.13,True,unpinned,True,3,1,1,1,1.0
generate-dense-patches,"['3', '3.10', '3.8', '3.9']",>=3.8,4,True,3.10,True,unpinned,True,4,1,1,1,1.0
grabber-ift,"['3', '3.7', '3.8', '3.9']",>=3.7,4,True,3.9,True,minimum,False,0,1,1,0,0.6666666666666666
guanine-crystal-analysis,"['3', '3.10', '3.8', '3.9']",>=3.8,4,True,3.10,True,unpinned,True,4,1,1,1,1.0
harpy-analysis,"['3', '3.10', '3.11', '3.12']","<3.13,>=3.10",4,True,3.12,True,minimum,True,4,1,1,1,1.0
hesperos,"['3', '3.10', '3.8', '3.9']",>=3.8,4,True,3.10,True,unpinned,True,4,1,1,1,1.0
hipocount-napari,"['3.10', '3.11', '3.8', '3.9']",>=3.8,4,True,3.11,True,unpinned,False,0,1,1,0,0.6666666666666666
iacs-ipac-reader,"['3', '3.7', '3.8', '3.9']",>=3.7,4,True,3.9,True,minimum,False,0,1,1,0,0.6666666666666666
ilastik-napari,['3'],>=3.8,1,True,3,True,minimum,False,0,1,1,0,0.6666666666666666
image-composer,"['3', '3.7', '3.8', '3.9']",>=3.7,4,True,3.9,True,minimum,False,0,1,1,0,0.6666666666666666
image-part-selecter,"['3', '3.7', '3.8', '3.9']",>=3.7,4,True,3.9,True,minimum,False,0,1,1,0,0.6666666666666666
imaxt-multiscale-plugin,"['3', '3.10', '3.8', '3.9']",>=3.8,4,True,3.10,True,unpinned,True,4,1,1,1,1.0
in-silico-fate-mapping,"['3', '3.10', '3.8', '3.9']",>=3.8,4,True,3.10,True,unpinned,True,4,1,1,1,1.0
iterseg,"['3', '3.10', '3.11', '3.9']",>=3.7,4,True,3.11,True,unpinned,False,0,1,1,0,0.6666666666666666
koopa-viz,"['3', '3.10', '3.8', '3.9']",>=3.8,4,True,3.10,False,none,False,0,1,0,0,0.3333333333333333
label-creator,"['3', '3.7', '3.8', '3.9']",>=3.7,4,True,3.9,True,minimum,False,0,1,1,0,0.6666666666666666
large-image-viewer,"['3', '3.8', '3.9']",>=3.8,3,True,3.9,False,none,True,3,1,0,1,0.6666666666666666
lasso-3d,"['3', '3.10', '3.11', '3.12', '3.9']",>=3.9,5,True,3.12,True,unpinned,True,4,1,1,1,1.0
layer-data-replace,"['3', '3.7', '3.8', '3.9']",>=3.7,4,True,3.9,True,minimum,False,0,1,1,0,0.6666666666666666
lineagetree,"['3', '3.10', '3.11', '3.12', '3.13']",>=3.10,5,True,3.13,False,none,True,2,1,0,1,0.6666666666666666
lls-core,"['3', '3.10', '3.8', '3.9']",>=3.8,4,True,3.10,True,unpinned,True,3,1,1,1,1.0
lsfm-destripe-napari,"['3', '3.10', '3.11', '3.12']",>=3.10,4,True,3.12,True,unpinned,True,4,1,1,1,1.0
lsfm-fusion-napari,"['3', '3.10', '3.11', '3.12']",>=3.10,4,True,3.12,True,unpinned,True,4,1,1,1,1.0
manini,"['3', '3.10', '3.8', '3.9']",>=3.8,4,True,3.10,True,unpinned,True,5,1,1,1,1.0
microscope-napari,"['3', '3.7', '3.8', '3.9']",>=3.7,4,True,3.9,True,unpinned,True,4,1,1,1,1.0
midi-app-controller,[],>=3.9,0,False,,True,unpinned,True,3,0,1,1,0.6666666666666666
mikro-napari,"['3', '3.10', '3.11', '3.8', '3.9']",">=3.8,<=3.12",5,True,3.11,False,none,False,0,1,0,0,0.3333333333333333
misic-napari,['3'],>=3.6,1,True,3,False,none,False,0,1,0,0,0.3333333333333333
mitoclass,"['3', '3.10', '3.11', '3.12', '3.13']",>=3.10,5,True,3.13,True,unpinned,True,4,1,1,1,1.0
mmv-h4cells,"['3', '3.10', '3.8', '3.9']",>=3.8,4,True,3.10,True,unpinned,True,4,1,1,1,1.0
mmv-h4tracks,"['3', '3.10', '3.11', '3.12', '3.9']",>=3.9,5,True,3.12,True,unpinned,False,0,1,1,0,0.6666666666666666
mmv-playground,"['3', '3.10', '3.11', '3.12', '3.9']",>=3.9,5,True,3.12,True,unpinned,True,4,1,1,1,1.0
mmv-regionseg,"['3', '3.10', '3.11', '3.12', '3.9']",>=3.9,5,True,3.12,True,unpinned,True,4,1,1,1,1.0
mobiofox,"['3', '3.10', '3.11', '3.12', '3.13']",>=3.10,5,True,3.13,True,unpinned,True,4,1,1,1,1.0
morphometrics-engine,"['3', '3.10', '3.8', '3.9']",>=3.8,4,True,3.10,True,unpinned,True,4,1,1,1,1.0
morphometrics,"['3', '3.9']",>=3.9,2,True,3.9,True,unpinned,True,2,1,1,1,1.0
morphospaces,"['3', '3.10', '3.8', '3.9']",>=3.8,4,True,3.10,True,unpinned,True,4,1,1,1,1.0
motile-plugin,"['3', '3.10', '3.11']",>=3.10,3,True,3.11,True,unpinned,True,3,1,1,1,1.0
motile-tracker,"['3', '3.10', '3.11']",>=3.10,3,True,3.11,False,none,True,3,1,0,1,0.6666666666666666
mousechd-napari,"['3', '3.10', '3.9']",>=3.9,3,True,3.10,True,unpinned,True,4,1,1,1,1.0
movement,"['3', '3.11', '3.12', '3.13']",>=3.11.0,4,True,3.13,True,minimum,True,5,1,1,1,1.0
msi-explorer,"['3', '3.10', '3.8', '3.9']",>=3.8,4,True,3.10,True,unpinned,True,4,1,1,1,1.0
multireg,"['3', '3.8', '3.9']",>=3.8,3,True,3.9,True,maximum,False,0,1,1,0,0.6666666666666666
nap-plot-tools,"['3', '3.10', '3.8', '3.9']",>=3.8,4,True,3.10,True,unpinned,True,4,1,1,1,1.0
napam,"['3', '3.10', '3.8', '3.9']",>=3.8,4,True,3.10,True,unpinned,True,4,1,1,1,1.0
napari-3d-counter,"['3', '3.10', '3.11', '3.12']",>=3.10,4,True,3.12,True,exact,True,4,1,1,1,1.0
napari-3d-ortho-viewer,"['3', '3.10', '3.8', '3.9']",>=3.8,4,True,3.10,True,unpinned,True,4,1,1,1,1.0
napari-3d-registration,"['3', '3.10', '3.8', '3.9']",>=3.8,4,True,3.10,True,unpinned,True,4,1,1,1,1.0
napari-3dtimereg,"['3', '3.10', '3.8', '3.9']",>=3.8,4,True,3.10,True,unpinned,False,0,1,1,0,0.6666666666666666
napari-accelerated-pixel-and-object-classification,"['3', '3.7', '3.8', '3.9']",>=3.7,4,True,3.9,True,minimum,False,0,1,1,0,0.6666666666666666
napari-activelearning,"['3', '3.10', '3.11', '3.12']",>=3.10,4,True,3.12,True,unpinned,True,4,1,1,1,1.0
napari-affinities,"['3', '3.7', '3.8', '3.9']",>=3.7,4,True,3.9,False,none,False,0,1,0,0,0.3333333333333333
napari-afmreader,"['3', '3.10', '3.11', '3.12']",>=3.10,4,True,3.12,True,unpinned,True,4,1,1,1,1.0
napari-aicsimageio,"['3', '3.10', '3.8', '3.9']",>=3.8,4,True,3.10,True,minimum,True,5,1,1,1,1.0
napari-aideveloper,"['3', '3.10', '3.8', '3.9']",>=3.8,4,True,3.10,True,unpinned,True,4,1,1,1,1.0
napari-allencell-annotator,"['3.10', '3.9']",>=3.9,2,True,3.10,True,minimum,True,5,1,1,1,1.0
napari-allencell-segmenter,"['3', '3.7', '3.8', '3.9']",>=3.7,4,True,3.9,True,minimum,True,6,1,1,1,1.0
napari-amdtrk,"['3', '3.10', '3.8', '3.9']",>=3.8,4,True,3.10,True,unpinned,True,4,1,1,1,1.0
napari-animated-gif-io,"['3', '3.7', '3.8', '3.9']",>=3.7,4,True,3.9,True,unpinned,False,0,1,1,0,0.6666666666666666
napari-animation,"['3', '3.10', '3.11', '3.12', '3.13']",>=3.10,5,True,3.13,True,minimum,True,4,1,1,1,1.0
napari-annotate,"['3', '3.7', '3.8', '3.9']",>=3.8,4,True,3.9,True,minimum,False,0,1,1,0,0.6666666666666666
napari-annotation-project,"['3', '3.10', '3.11', '3.12', '3.9']",>=3.9,5,True,3.12,True,unpinned,True,4,1,1,1,1.0
napari-annotator,"['3', '3.10', '3.11', '3.12', '3.9']",>=3.9,5,True,3.12,True,unpinned,True,4,1,1,1,1.0
napari-annotatorj,"['3', '3.10', '3.8', '3.9']",>=3.7,4,True,3.10,True,minimum,False,0,1,1,0,0.6666666666666666
napari-aphid,"['3', '3.10', '3.8', '3.9']",>=3.8,4,True,3.10,True,unpinned,True,4,1,1,1,1.0
napari-apple,"['3', '3.10', '3.8', '3.9']",>=3.8,4,True,3.10,True,unpinned,True,4,1,1,1,1.0
napari-apr-viewer,"['3', '3.10', '3.11', '3.8', '3.9']",>=3.8,5,True,3.11,True,minimum,False,0,1,1,0,0.6666666666666666
napari-arboretum,"['3', '3.10', '3.8', '3.9']",>=3.8,4,True,3.10,True,minimum,False,0,1,1,0,0.6666666666666666
napari-argos-archive-reader,"['3', '3.10', '3.8', '3.9']",>=3.9,4,True,3.10,True,unpinned,True,3,1,1,1,1.0
napari-assistant-plugin-generator,"['3', '3.8', '3.9']",>=3.8,3,True,3.9,True,minimum,False,0,1,1,0,0.6666666666666666
napari-assistant,"['3', '3.10', '3.11', '3.9']",>=3.9,4,True,3.11,True,minimum,False,0,1,1,0,0.6666666666666666
napari-automatic-range,"['3', '3.10', '3.11', '3.12', '3.13']",>=3.10,5,True,3.13,True,unpinned,True,4,1,1,1,1.0
napari-bacseg,['3.9'],>=3.9,1,True,3.9,True,unpinned,True,4,1,1,1,1.0
napari-basicpy,"['3', '3.10', '3.8', '3.9']",>=3.8,4,True,3.10,True,unpinned,True,4,1,1,1,1.0
napari-bbox-spfluo,"['3', '3.10', '3.11', '3.12', '3.8', '3.9']",>=3.8,6,True,3.12,True,minimum,False,0,1,1,0,0.6666666666666666
napari-bbox,"['3', '3.10', '3.11', '3.12', '3.9']",>=3.9,5,True,3.12,True,unpinned,True,4,1,1,1,1.0
napari-bee-annotator,"['3', '3.10', '3.8', '3.9']",>=3.8,4,True,3.10,True,unpinned,True,4,1,1,1,1.0
napari-bfio,"['3', '3.10', '3.8', '3.9']",>=3.8,4,True,3.10,False,none,True,3,1,0,1,0.6666666666666666
napari-bigfish,"['3', '3.10', '3.8', '3.9']",>=3.8,4,True,3.10,True,unpinned,True,4,1,1,1,1.0
napari-bigwarp,"['3', '3.10', '3.7', '3.8', '3.9']",>=3.7,5,True,3.10,True,minimum,False,0,1,1,0,0.6666666666666666
napari-bil-data-viewer,"['3', '3.8', '3.9']",>=3.8,3,True,3.9,True,exact,False,0,1,1,0,0.6666666666666666
napari-bio-sample-data,"['3', '3.10', '3.8', '3.9']",>=3.8,4,True,3.10,False,none,True,3,1,0,1,0.6666666666666666
napari-bioformats,"['3', '3.7', '3.8', '3.9']",>=3.7,4,True,3.9,True,minimum,True,2,1,1,1,1.0
napari-bioimageio,"['3', '3.7']",>=3.7,2,True,3.7,True,unpinned,False,0,1,1,0,0.6666666666666666
napari-bioio-reader,"['3', '3.10', '3.11', '3.12', '3.13']",>=3.10,5,True,3.13,True,range,True,3,1,1,1,1.0
napari-biomag-annotator,"['3', '3.10', '3.8', '3.9']",>=3.8,4,True,3.10,True,unpinned,True,4,1,1,1,1.0
napari-biopb,"['3', '3.10', '3.11', '3.12', '3.9']",>=3.9,5,True,3.12,True,unpinned,True,4,1,1,1,1.0
napari-bleach-correct,"['3', '3.10', '3.8', '3.9']",>=3.8,4,True,3.10,True,unpinned,True,4,1,1,1,1.0
napari-blender-bridge,"['3', '3.8', '3.9']",>=3.8,3,True,3.9,True,minimum,False,0,1,1,0,0.6666666666666666
napari-blender,['3.10'],>=3.10,1,True,3.10,True,unpinned,False,0,1,1,0,0.6666666666666666
napari-blob-detection,"['3', '3.8', '3.9']",>=3.8,3,True,3.9,True,minimum,True,1,1,1,1,1.0
napari-blosc2,"['3', '3.10', '3.11', '3.12', '3.9']",>=3.9,5,True,3.12,False,none,True,3,1,0,1,0.6666666666666666
napari-blossom,"['3', '3.10', '3.8', '3.9']",>=3.8,4,True,3.10,True,unpinned,True,4,1,1,1,1.0
napari-bluesky,"['3', '3.10', '3.11', '3.12', '3.9']",>=3.9,5,True,3.12,True,unpinned,True,4,1,1,1,1.0
napari-boardgame-maker,"['3', '3.10', '3.8', '3.9']",>=3.8,4,True,3.10,True,unpinned,True,4,1,1,1,1.0
napari-boids,"['3', '3.10', '3.8', '3.9']",>=3.8,4,True,3.10,False,none,False,0,1,0,0,0.3333333333333333
napari-bootstrapper,"['3', '3.11', '3.12', '3.13']",>=3.11,4,True,3.13,True,unpinned,True,4,1,1,1,1.0
napari-boxmanager,"['3', '3.10']",>=3.10,2,True,3.10,True,unpinned,True,4,1,1,1,1.0
napari-brainbow-diagnose,"['3', '3.10', '3.8', '3.9']",>=3.8,4,True,3.10,True,unpinned,True,4,1,1,1,1.0
napari-brainways,"['3', '3.10', '3.11', '3.12', '3.9']",>=3.9,5,True,3.12,True,minimum,True,4,1,1,1,1.0
napari-brightness-contrast,"['3', '3.7', '3.8', '3.9']",>=3.7,4,True,3.9,True,unpinned,True,2,1,1,1,1.0
napari-brushsettings,"['3', '3.7', '3.8', '3.9']",>=3.7,4,True,3.9,True,minimum,False,0,1,1,0,0.6666666666666666
napari-btrack-reader,[],,0,False,,False,none,False,0,0,0,0,0.0
napari-bud-cell-segmenter,"['3', '3.10', '3.8', '3.9']",>=3.8,4,True,3.10,True,unpinned,True,4,1,1,1,1.0
napari-buds,"['3', '3.10', '3.8', '3.9']",>=3.8,4,True,3.10,True,unpinned,True,4,1,1,1,1.0
napari-calibration,"['3', '3.10', '3.7', '3.8', '3.9']",>=3.7,5,True,3.10,False,none,False,0,1,0,0,0.3333333333333333
napari-camera,"['3', '3.10', '3.11', '3.12', '3.9']",>=3.9,5,True,3.12,True,unpinned,True,4,1,1,1,1.0
napari-caphid,"['3', '3.10', '3.8', '3.9']",>=3.8,4,True,3.10,True,unpinned,True,4,1,1,1,1.0
napari-cardio-bio-eval,"['3', '3.10', '3.11', '3.12']",>=3.10,4,True,3.12,True,unpinned,True,4,1,1,1,1.0
napari-cci-annotator,"['3', '3.10', '3.11', '3.12', '3.9']",>=3.9,5,True,3.12,True,unpinned,True,4,1,1,1,1.0
napari-ccp4map,"['3', '3.7', '3.8', '3.9']",>=3.7,4,True,3.9,True,minimum,False,0,1,1,0,0.6666666666666666
napari-cell-centroid-annotator,"['3', '3.10', '3.8', '3.9']",>=3.8,4,True,3.10,True,unpinned,True,4,1,1,1,1.0
napari-cellseg3d,"['3', '3.10', '3.8', '3.9']",>=3.8,4,True,3.10,True,minimum,True,4,1,1,1,1.0
napari-chatgpt,[],>=3.9,0,False,,True,unpinned,True,4,0,1,1,0.6666666666666666
napari-checkerboard,"['3', '3.7', '3.8', '3.9']",>=3.6,4,True,3.9,True,minimum,False,0,1,1,0,0.6666666666666666
napari-cilia-beating-frequency,[],>=3.8,0,False,,True,unpinned,False,0,0,1,0,0.3333333333333333
napari-clemreg,"['3', '3.7', '3.8', '3.9']",>=3.7,4,True,3.9,True,unpinned,False,0,1,1,0,0.6666666666666666
napari-clipboard,"['3', '3.10', '3.8', '3.9']",>=3.8,4,True,3.10,True,unpinned,True,4,1,1,1,1.0
napari-clusters-plotter,"['3', '3.10', '3.11', '3.12', '3.13']",>=3.9,5,True,3.13,True,unpinned,True,4,1,1,1,1.0
napari-compressed-labels-io,"['3', '3.7', '3.8', '3.9']",>=3.6,4,True,3.9,True,minimum,False,0,1,1,0,0.6666666666666666
napari-conference,"['3', '3.10', '3.8', '3.9']",>=3.8,4,True,3.10,True,unpinned,True,4,1,1,1,1.0
napari-conidie,"['3', '3.10', '3.8', '3.9']",>=3.8,4,True,3.10,True,unpinned,True,4,1,1,1,1.0
napari-console,"['3', '3.10', '3.11', '3.12', '3.8', '3.9']",>=3.9,6,True,3.12,True,unpinned,True,0,1,1,1,1.0
napari-convpaint,"['3', '3.10', '3.11', '3.12']",>=3.10,4,True,3.12,True,unpinned,True,4,1,1,1,1.0
napari-cookiecut,"['3', '3.10', '3.8', '3.9']",>=3.8,4,True,3.10,True,unpinned,True,4,1,1,1,1.0
napari-copick,"['3', '3.10', '3.11', '3.12', '3.13', '3.9']",>=3.9,6,True,3.13,True,unpinned,True,4,1,1,1,1.0
napari-correct-drift,"['3', '3.10', '3.8', '3.9']",>=3.8,4,True,3.10,True,unpinned,True,4,1,1,1,1.0
napari-cosmos-ts,[],>=3.10,0,False,,False,none,False,0,0,0,0,0.0
napari-crop,"['3', '3.8', '3.9']",>=3.8,3,True,3.9,True,unpinned,False,0,1,1,0,0.6666666666666666
napari-cryoet-data-portal,"['3', '3.10', '3.8', '3.9']",>=3.8,4,True,3.10,True,unpinned,True,4,1,1,1,1.0
napari-cryofibsem-imgproc,"['3', '3.10', '3.11', '3.12']",>=3.10,4,True,3.12,True,unpinned,True,4,1,1,1,1.0
napari-cryofibsem-monitor,"['3', '3.7', '3.8', '3.9']",>=3.7,4,True,3.9,True,minimum,False,0,1,1,0,0.6666666666666666
napari-ctc-io,"['3', '3.10', '3.11', '3.9']",>=3.9,4,True,3.11,True,unpinned,True,3,1,1,1,1.0
napari-cupy-image-processing,"['3', '3.7', '3.8', '3.9']",>=3.7,4,True,3.9,True,unpinned,False,0,1,1,0,0.6666666666666666
napari-cursor-tracker,"['3', '3.10', '3.8', '3.9']",>=3.8,4,True,3.10,True,unpinned,True,4,1,1,1,1.0
napari-curtain,"['3', '3.7', '3.8', '3.9']",>=3.7,4,True,3.9,True,unpinned,False,0,1,1,0,0.6666666666666666
napari-curviewer,"['3', '3.10', '3.8', '3.9']",>=3.8,4,True,3.10,True,unpinned,True,4,1,1,1,1.0
napari-czann-segment,"['3', '3.10', '3.9']",>=3.9,3,True,3.10,True,unpinned,True,4,1,1,1,1.0
napari-czi-reader,[],>=3.9,0,False,,True,unpinned,True,4,0,1,1,0.6666666666666666
napari-czifile,"['3.10', '3.8', '3.9']",>=3.8,3,True,3.10,False,none,False,0,1,0,0,0.3333333333333333
napari-czifile2,"['3', '3.10', '3.8', '3.9']",>=3.8,4,True,3.10,False,none,False,0,1,0,0,0.3333333333333333
napari-czitools,"['3', '3.10', '3.11', '3.12']","<3.13,>=3.10",4,True,3.12,True,unpinned,True,4,1,1,1,1.0
napari-dab-cellcount,"['3', '3.9']","<3.11,>=3.9",2,True,3.9,True,minimum,False,0,1,1,0,0.6666666666666666
napari-data-inspection,"['3', '3.10', '3.11', '3.12', '3.13']",>=3.10,5,True,3.13,True,unpinned,True,4,1,1,1,1.0
napari-data-preview,"['3', '3.7', '3.8', '3.9']",>=3.7,4,True,3.9,True,minimum,True,1,1,1,1,1.0
napari-deepfinder,"['3', '3.10', '3.11', '3.9']",>=3.9,4,True,3.11,True,unpinned,True,4,1,1,1,1.0
napari-deeplabcut,"['3', '3.10', '3.9']",>=3.9,3,True,3.10,True,exact,True,4,1,1,1,1.0
napari-deepmeta,"['3', '3.10', '3.8', '3.9']",>=3.8,4,True,3.10,True,unpinned,True,4,1,1,1,1.0
napari-deepspot,"['3', '3.7', '3.8', '3.9']",>=3.7,4,True,3.9,True,unpinned,True,4,1,1,1,1.0
napari-demo,"['3.10', '3.8', '3.9']",>=3.7,3,True,3.10,False,none,False,0,1,0,0,0.3333333333333333
napari-denoiseg,"['3', '3.10', '3.7', '3.8', '3.9']",>=3.7,5,True,3.10,True,maximum,True,3,1,1,1,1.0
napari-dexp,"['3', '3.7', '3.8', '3.9']",>=3.7,4,True,3.9,True,minimum,False,0,1,1,0,0.6666666666666666
napari-dinosim,"['3', '3.10', '3.11', '3.12', '3.9']","<3.13,>=3.9",5,True,3.12,True,minimum,True,5,1,1,1,1.0
napari-dmc-brainmap,"['3', '3.10']",==3.10.*,2,True,3.10,False,none,False,0,1,0,0,0.3333333333333333
napari-dpr,"['3', '3.10', '3.11', '3.12', '3.13', '3.9']",>=3.9,6,True,3.13,True,minimum,True,2,1,1,1,1.0
napari-dv,"['3', '3.10', '3.7', '3.8', '3.9']",>=3.7,5,True,3.10,True,minimum,True,2,1,1,1,1.0
napari-dvid,"['3', '3.7', '3.8', '3.9']",>=3.7,4,True,3.9,True,minimum,False,0,1,1,0,0.6666666666666666
napari-dzi-zarr,"['3', '3.6', '3.7', '3.8']",>=3.6,4,True,3.8,True,minimum,False,0,1,1,0,0.6666666666666666
napari-easy-augment-batch-dl,"['3', '3.10', '3.11', '3.12', '3.9']",>=3.9,5,True,3.12,True,unpinned,True,4,1,1,1,1.0
napari-ehooke,"['3', '3.10', '3.8', '3.9']",>=3.8,4,True,3.10,True,unpinned,True,4,1,1,1,1.0
napari-elementary-numpy-operations,"['3', '3.7', '3.8', '3.9']",>=3.7,4,True,3.9,True,minimum,False,0,1,1,0,0.6666666666666666
napari-em-reader,"['3', '3.7', '3.8', '3.9']",>=3.6,4,True,3.9,True,minimum,False,0,1,1,0,0.6666666666666666
napari-emd,"['3', '3.10', '3.8', '3.9']",>=3.8,4,True,3.10,True,unpinned,True,4,1,1,1,1.0
napari-epyseg,"['3', '3.10', '3.8', '3.9']",<3.11,4,True,3.10,True,unpinned,True,4,1,1,1,1.0
napari-error-reporter,"['3', '3.10', '3.8', '3.9']",>=3.8,4,True,3.10,False,none,True,4,1,0,1,0.6666666666666666
napari-event-monitor,['3'],>3.10,1,True,3,False,none,False,0,1,0,0,0.3333333333333333
napari-exodeepfinder,"['3', '3.10', '3.8', '3.9']",>=3.9,4,True,3.10,True,minimum,True,4,1,1,1,1.0
napari-explorer,"['3', '3.10', '3.8', '3.9']",>=3.8,4,True,3.10,True,unpinned,True,4,1,1,1,1.0
napari-fast4dreg,"['3', '3.10', '3.8', '3.9']",>=3.8,4,True,3.10,True,unpinned,True,4,1,1,1,1.0
napari-feature-classifier,"['3', '3.10', '3.9']",>=3.9,3,True,3.10,True,unpinned,False,0,1,1,0,0.6666666666666666
napari-feature-visualization,"['3', '3.10', '3.11', '3.12', '3.9']",>=3.9,5,True,3.12,True,unpinned,True,4,1,1,1,1.0
napari-features-selector,"['3', '3.10', '3.8', '3.9']",>=3.8,4,True,3.10,True,unpinned,True,4,1,1,1,1.0
napari-features,"['3', '3.7', '3.8', '3.9']",>=3.7,4,True,3.9,True,minimum,False,0,1,1,0,0.6666666666666666
napari-figure,"['3', '3.10', '3.8', '3.9']",>=3.8,4,True,3.10,True,unpinned,True,4,1,1,1,1.0
napari-filament-annotator,"['3', '3.10', '3.8', '3.9']",>=3.8,4,True,3.10,True,unpinned,True,4,1,1,1,1.0
napari-filaments,['3'],>=3.9,1,True,3,True,unpinned,True,4,1,1,1,1.0
napari-file-watcher,"['3', '3.8']",,2,True,3.8,True,unpinned,False,0,1,1,0,0.6666666666666666
napari-file2folder,"['3', '3.10', '3.11', '3.12', '3.9']",>=3.9,5,True,3.12,True,unpinned,True,4,1,1,1,1.0
napari-filter-labels-by-prop,"['3', '3.10', '3.11', '3.12', '3.9']",>=3.9,5,True,3.12,True,unpinned,True,4,1,1,1,1.0
napari-findaureus,"['3', '3.10', '3.8', '3.9']",>=3.8,4,True,3.10,True,unpinned,True,4,1,1,1,1.0
napari-flim-phasor-plotter,"['3', '3.10', '3.11', '3.9']",>=3.9,4,True,3.11,True,unpinned,True,4,1,1,1,1.0
napari-flowreg,"['3', '3.10', '3.11', '3.12', '3.13']",>=3.10,5,True,3.13,True,minimum,True,4,1,1,1,1.0
napari-fluoresfm,"['3', '3.10', '3.11', '3.12', '3.13']",>=3.10,5,True,3.13,True,unpinned,True,4,1,1,1,1.0
napari-folder-browser,"['3', '3.7', '3.8', '3.9']",>=3.7,4,True,3.9,True,unpinned,False,0,1,1,0,0.6666666666666666
napari-geff,"['3', '3.10', '3.11', '3.12', '3.13']",>=3.10,5,True,3.13,True,unpinned,True,4,1,1,1,1.0
napari-gemspa,"['3', '3.10', '3.8', '3.9']",>=3.8,4,True,3.10,True,unpinned,True,4,1,1,1,1.0
napari-generic-simulator,"['3', '3.10', '3.8', '3.9']",>=3.8,4,True,3.10,True,unpinned,True,4,1,1,1,1.0
napari-geojson,"['3', '3.10', '3.8', '3.9']",>=3.8,4,True,3.10,True,unpinned,True,4,1,1,1,1.0
napari-geoscience-viewer,[],>=3.8,0,False,,True,unpinned,True,4,0,1,1,0.6666666666666666
napari-graph,"['3', '3.10', '3.8', '3.9']",>=3.8,4,True,3.10,False,none,True,3,1,0,1,0.6666666666666666
napari-grid-cropping,"['3', '3.10', '3.11', '3.12', '3.9']",>=3.9,5,True,3.12,True,unpinned,True,4,1,1,1,1.0
napari-griottes,"['3', '3.10', '3.8', '3.9']",>=3.8,4,True,3.10,False,none,False,0,1,0,0,0.3333333333333333
napari-gruvbox,"['3', '3.10', '3.8', '3.9']",>=3.8,4,True,3.10,False,none,False,0,1,0,0,0.3333333333333333
napari-h5,"['3', '3.10', '3.8', '3.9']",>=3.8,4,True,3.10,False,none,True,3,1,0,1,0.6666666666666666
napari-hdf5-labels-io,"['3', '3.7', '3.8']",<3.9,3,True,3.8,True,minimum,False,0,1,1,0,0.6666666666666666
napari-hdf5-netcdf-viewer,[],,0,False,,False,none,False,0,0,0,0,0.0
napari-hello,[],,0,False,,False,none,False,0,0,0,0,0.0
napari-help,"['3', '3.10', '3.8', '3.9']",>=3.8,4,True,3.10,True,unpinned,True,4,1,1,1,1.0
napari-hierarchical,"['3', '3.10', '3.8', '3.9']","<3.11,>=3.8",4,True,3.10,True,unpinned,True,4,1,1,1,1.0
napari-himena,"['3', '3.10', '3.11', '3.12', '3.13']",>=3.10,5,True,3.13,True,unpinned,True,4,1,1,1,1.0
napari-hippo,"['3', '3.10', '3.8', '3.9']",>=3.8,4,True,3.10,True,unpinned,True,4,1,1,1,1.0
napari-hough-circle-detector,[],,0,False,,True,unpinned,False,0,0,1,0,0.3333333333333333
napari-hsi-analysis,"['3', '3.10', '3.11', '3.12', '3.13']",>=3.10,5,True,3.13,True,unpinned,True,4,1,1,1,1.0
napari-ids,"['3', '3.7', '3.8', '3.9']",>=3.8,4,True,3.9,False,none,False,0,1,0,0,0.3333333333333333
napari-image-stacker,"['3', '3.7', '3.8', '3.9']",>=3.7,4,True,3.9,True,minimum,False,0,1,1,0,0.6666666666666666
napari-imagecodecs,"['3.10', '3.8', '3.9']",>=3.8,3,True,3.10,False,none,False,0,1,0,0,0.3333333333333333
napari-imagegrains,"['3', '3.10', '3.11', '3.12', '3.9']",>=3.9,5,True,3.12,True,unpinned,True,4,1,1,1,1.0
napari-imagej,"['3.10', '3.11', '3.12', '3.9']","<3.13,>=3.9",4,True,3.12,True,minimum,True,3,1,1,1,1.0
napari-imaris-loader,"['3', '3.8', '3.9']",>=3.8,3,True,3.9,True,minimum,False,0,1,1,0,0.6666666666666666
napari-imc,"['3', '3.10', '3.8', '3.9']",>=3.8,4,True,3.10,False,none,False,0,1,0,0,0.3333333333333333
napari-imodmodel,"['3', '3.10', '3.8', '3.9']",>=3.8,4,True,3.10,False,none,True,3,1,0,1,0.6666666666666666
napari-imsmicrolink,"['3', '3.10', '3.8', '3.9']",>=3.8,4,True,3.10,True,unpinned,False,0,1,1,0,0.6666666666666666
napari-indices,"['3', '3.10', '3.8', '3.9']",>=3.8,4,True,3.10,True,unpinned,True,4,1,1,1,1.0
napari-input-visualizer,"['3', '3.10', '3.8', '3.9']",>=3.8,4,True,3.10,True,unpinned,True,4,1,1,1,1.0
napari-intensity-plotter,"['3', '3.10', '3.11', '3.12', '3.9']",>=3.9,5,True,3.12,True,unpinned,True,4,1,1,1,1.0
napari-ip-workflow,"['3', '3.10', '3.8', '3.9']",>=3.8,4,True,3.10,True,unpinned,True,4,1,1,1,1.0
napari-ism,"['3.10', '3.7', '3.8', '3.9']",>=3.7,4,True,3.10,True,unpinned,True,4,1,1,1,1.0
napari-isolate-cell,"['3', '3.10', '3.11', '3.12']",>=3.10,4,True,3.12,True,unpinned,True,4,1,1,1,1.0
napari-itk-io,"['3', '3.10', '3.11', '3.12', '3.13', '3.9']",>=3.8,6,True,3.13,True,minimum,False,0,1,1,0,0.6666666666666666
napari-j,"['3.7', '3.8', '3.9']",>=3.7,3,True,3.9,False,none,True,2,1,0,1,0.6666666666666666
napari-k2-wavebreaker,"['3', '3.10', '3.8', '3.9']",>=3.8,4,True,3.10,True,unpinned,True,4,1,1,1,1.0
napari-kics,"['3', '3.7', '3.8', '3.9']",>=3.7,4,True,3.9,True,unpinned,False,0,1,1,0,0.6666666666666666
napari-kld,"['3', '3.10', '3.11', '3.12', '3.9']",>=3.9,5,True,3.12,True,unpinned,True,4,1,1,1,1.0
napari-kldeconv,"['3', '3.10', '3.11', '3.12', '3.13']",>=3.10,5,True,3.13,True,unpinned,True,4,1,1,1,1.0
napari-label-interpolator,"['3', '3.10', '3.8', '3.9']",>=3.8,4,True,3.10,True,unpinned,True,4,1,1,1,1.0
napari-label-manager,"['3', '3.10', '3.11', '3.12', '3.9']",>=3.9,5,True,3.12,True,unpinned,True,4,1,1,1,1.0
napari-labelimg4classification,"['3', '3.7', '3.8', '3.9']",>=3.7,4,True,3.9,True,unpinned,False,0,1,1,0,0.6666666666666666
napari-labeling,"['3', '3.7', '3.8', '3.9']",>=3.7,4,True,3.9,False,none,False,0,1,0,0,0.3333333333333333
napari-labelling-assistant,"['3', '3.7', '3.8', '3.9']",>=3.7,4,True,3.9,True,minimum,False,0,1,1,0,0.6666666666666666
napari-labelprop,"['3', '3.10', '3.8', '3.9']",>=3.8,4,True,3.10,True,unpinned,True,4,1,1,1,1.0
napari-labels-overlap,"['3', '3.7', '3.8', '3.9']",>=3.7,4,True,3.9,False,none,False,0,1,0,0,0.3333333333333333
napari-labels,"['3', '3.10', '3.11', '3.12', '3.9']",>=3.9,5,True,3.12,True,unpinned,True,4,1,1,1,1.0
napari-laber-manager,"['3', '3.10', '3.11', '3.12', '3.9']",>=3.9,5,True,3.12,True,unpinned,True,4,1,1,1,1.0
napari-laptrack,"['3', '3.8', '3.9']",>=3.6,3,True,3.9,True,minimum,False,0,1,1,0,0.6666666666666666
napari-large-image-importer,"['3', '3.10', '3.8', '3.9']",>=3.8,4,True,3.10,True,unpinned,True,4,1,1,1,1.0
napari-lattice,"['3', '3.10', '3.8', '3.9']",>=3.8,4,True,3.10,True,minimum,True,4,1,1,1,1.0
napari-layer-details-display,"['3', '3.7', '3.8', '3.9']",>=3.7,4,True,3.9,True,unpinned,False,0,1,1,0,0.6666666666666666
napari-layer-divider,"['3', '3.10', '3.11', '3.12', '3.13', '3.9']",>=3.9,6,True,3.13,True,unpinned,True,5,1,1,1,1.0
napari-layer-table,"['3.10', '3.11', '3.9']",>=3.9,3,True,3.11,False,none,False,0,1,0,0,0.3333333333333333
napari-lazy-openslide,"['3.7', '3.8', '3.9']",>=3.6,3,True,3.9,True,minimum,False,0,1,1,0,0.6666666666666666
napari-lf,"['3', '3.10', '3.7', '3.8', '3.9']",>=3.7,5,True,3.10,True,unpinned,False,0,1,1,0,0.6666666666666666
napari-lfdfiles,"['3.10', '3.8', '3.9']",>=3.8,3,True,3.10,False,none,False,0,1,0,0,0.3333333333333333
napari-listener,"['3', '3.10', '3.11', '3.8', '3.9']",>=3.8,5,True,3.11,True,unpinned,True,4,1,1,1,1.0
napari-live-flim,"['3', '3.10', '3.8', '3.9']",>=3.8,4,True,3.10,True,unpinned,True,4,1,1,1,1.0
napari-live-recording,"['3', '3.10', '3.11', '3.9']",>=3.9,4,True,3.11,True,unpinned,True,4,1,1,1,1.0
napari-locan,"['3', '3.10', '3.11', '3.12', '3.9']",>=3.9,5,True,3.12,True,minimum,True,3,1,1,1,1.0
napari-locpix,"['3', '3.10', '3.8', '3.9']",>=3.8,4,True,3.10,True,unpinned,True,4,1,1,1,1.0
napari-macrokit,"['3', '3.10', '3.8', '3.9']",>=3.8,4,True,3.10,True,unpinned,True,4,1,1,1,1.0
napari-mahotas-image-processing,"['3', '3.7', '3.8', '3.9']",>=3.7,4,True,3.9,True,minimum,False,0,1,1,0,0.6666666666666666
napari-maicrobe,"['3', '3.10', '3.11', '3.12']",>=3.8,4,True,3.12,True,unpinned,True,4,1,1,1,1.0
napari-manual-registration,"['3', '3.10', '3.8', '3.9']",>=3.8,4,True,3.10,True,unpinned,True,4,1,1,1,1.0
napari-manual-split-and-merge-labels,"['3', '3.7', '3.8', '3.9']",>=3.7,4,True,3.9,True,unpinned,False,0,1,1,0,0.6666666666666666
napari-manual-transforms,"['3', '3.10', '3.8', '3.9']",>=3.8,4,True,3.10,True,unpinned,True,4,1,1,1,1.0
napari-mask-density,"['3', '3.10', '3.11', '3.12', '3.13']",>=3.10,5,True,3.13,True,unpinned,True,4,1,1,1,1.0
napari-mass,"['3', '3.10', '3.11', '3.12']",>=3.10,4,True,3.12,True,unpinned,True,4,1,1,1,1.0
napari-mat-file-reader,"['3', '3.10', '3.8', '3.9']",>=3.8,4,True,3.10,False,none,True,3,1,0,1,0.6666666666666666
napari-mat-images,"['3', '3.6', '3.7', '3.8', '3.9']",>=3.6,5,True,3.9,False,none,False,0,1,0,0,0.3333333333333333
napari-math,"['3', '3.10', '3.7', '3.8', '3.9']",>=3.7,5,True,3.10,False,none,False,0,1,0,0,0.3333333333333333
napari-matplotlib,['3'],>=3.10,1,True,3,True,minimum,True,5,1,1,1,1.0
napari-mclabel,"['3', '3.10', '3.8', '3.9']",>=3.8,4,True,3.10,True,unpinned,False,0,1,1,0,0.6666666666666666
napari-medical-image-formats,"['3', '3.7', '3.8', '3.9']",>=3.7,4,True,3.9,True,minimum,False,0,1,1,0,0.6666666666666666
napari-melt-pool-tracker,"['3', '3.10', '3.8', '3.9']",>=3.8,4,True,3.10,True,unpinned,True,4,1,1,1,1.0
napari-memmap-tiff,"['3', '3.10', '3.11', '3.12', '3.13']",>=3.10,5,True,3.13,True,unpinned,True,4,1,1,1,1.0
napari-merge-stardist-masks,"['3', '3.10', '3.8', '3.9']",>=3.8,4,True,3.10,True,unpinned,True,4,1,1,1,1.0
napari-meshio,"['3', '3.10', '3.8', '3.9']",>=3.8,4,True,3.10,True,unpinned,True,3,1,1,1,1.0
napari-mesofield,"['3', '3.10', '3.11', '3.12', '3.9']",>=3.9,5,True,3.12,True,unpinned,True,4,1,1,1,1.0
napari-metroid,"['3', '3.7', '3.8']","<3.9,>=3.7",3,True,3.8,True,minimum,False,0,1,1,0,0.6666666666666666
napari-micromanager,"['3', '3.10', '3.11', '3.12', '3.9']",>=3.9,5,True,3.12,True,minimum,True,3,1,1,1,1.0
napari-microscope,[],>=3.6,0,False,,False,none,False,0,0,0,0,0.0
napari-microtubule-analyzer,"['3', '3.10', '3.8', '3.9']",>=3.8,4,True,3.10,False,none,False,0,1,0,0,0.3333333333333333
napari-mm3,"['3', '3.10', '3.11', '3.9']",>=3.9,4,True,3.11,True,minimum,False,0,1,1,0,0.6666666666666666
napari-molecule-reader,"['3', '3.10', '3.11', '3.12', '3.13']",>=3.10,5,True,3.13,False,none,True,3,1,0,1,0.6666666666666666
napari-molseeq,"['3', '3.10', '3.11', '3.9']",>=3.9,4,True,3.11,True,unpinned,True,4,1,1,1,1.0
napari-moltrack,"['3', '3.10', '3.11', '3.9']",>=3.9,4,True,3.11,True,unpinned,True,4,1,1,1,1.0
napari-morphodynamics,"['3', '3.10', '3.9']",>=3.9,3,True,3.10,True,unpinned,False,0,1,1,0,0.6666666666666666
napari-mouse-controls,"['3', '3.7', '3.8', '3.9']",>=3.7,4,True,3.9,True,unpinned,False,0,1,1,0,0.6666666666666666
napari-mrcfile-handler,"['3', '3.7', '3.8', '3.9']",>=3.7,4,True,3.9,True,minimum,False,0,1,1,0,0.6666666666666666
napari-mrcfile-reader,"['3', '3.10', '3.8', '3.9']",>=3.8,4,True,3.10,False,none,True,3,1,0,1,0.6666666666666666
napari-mri,"['3', '3.7', '3.8', '3.9']",>=3.7,4,True,3.9,True,minimum,True,3,1,1,1,1.0
napari-multitask,"['3', '3.7', '3.8', '3.9']",>=3.8,4,True,3.9,False,none,False,0,1,0,0,0.3333333333333333
napari-mzarr,"['3', '3.10', '3.8', '3.9']",>=3.8,4,True,3.10,False,none,True,3,1,0,1,0.6666666666666666
napari-n2v,"['3.10', '3.8', '3.9']",>=3.8,3,True,3.10,True,unpinned,True,3,1,1,1,1.0
napari-nanopyx,['3'],>=3.9,1,True,3,True,unpinned,True,2,1,1,1,1.0
napari-napari,"['3', '3.10', '3.8', '3.9']",>=3.8,4,True,3.10,True,unpinned,True,4,1,1,1,1.0
napari-nasa-samples,"['3', '3.10', '3.8', '3.9']",>=3.8,4,True,3.10,False,none,True,3,1,0,1,0.6666666666666666
napari-nd-annotator,"['3', '3.10', '3.11', '3.12', '3.13', '3.8', '3.9']",>=3.8,7,True,3.13,True,unpinned,True,4,1,1,1,1.0
napari-nd-cropper,"['3', '3.9']",>=3.9,2,True,3.9,True,unpinned,False,0,1,1,0,0.6666666666666666
napari-nd2-folder-viewer,"['3', '3.10', '3.8', '3.9']",>=3.8,4,True,3.10,True,unpinned,True,4,1,1,1,1.0
napari-ndev,"['3', '3.10', '3.11', '3.12', '3.9']",>=3.9,5,True,3.12,True,unpinned,True,4,1,1,1,1.0
napari-ndtiffs,"['3', '3.10', '3.8', '3.9']",>=3.8,4,True,3.10,True,minimum,True,2,1,1,1,1.0
napari-netpbmfile,"['3.10', '3.8', '3.9']",>=3.8,3,True,3.10,False,none,False,0,1,0,0,0.3333333333333333
napari-nibabel,"['3', '3.10', '3.8', '3.9']",>=3.8,4,True,3.10,False,none,True,3,1,0,1,0.6666666666666666
napari-nifti-viewer,"['3', '3.10', '3.11', '3.12', '3.8', '3.9']",>=3.8,6,True,3.12,True,minimum,True,2,1,1,1,1.0
napari-nifti,"['3', '3.10', '3.8', '3.9']",>=3.8,4,True,3.10,False,none,True,3,1,0,1,0.6666666666666666
napari-nikon-nd2,"['3', '3.7', '3.8', '3.9']",>=3.6,4,True,3.9,True,minimum,False,0,1,1,0,0.6666666666666666
napari-nlm,"['3', '3.10', '3.8', '3.9']",>=3.8,4,True,3.10,True,unpinned,True,4,1,1,1,1.0
napari-nninteractive,"['3', '3.10', '3.11', '3.12', '3.9']",>=3.10,5,True,3.12,True,unpinned,True,4,1,1,1,1.0
napari-noise2vst,"['3', '3.10', '3.11', '3.12', '3.13']",>=3.10,5,True,3.13,True,unpinned,True,4,1,1,1,1.0
napari-nucleaizer,"['3', '3.10', '3.8', '3.9']",>=3.8,4,True,3.10,True,unpinned,False,0,1,1,0,0.6666666666666666
napari-nuclephaser,"['3', '3.10', '3.11', '3.12', '3.13']",>=3.10,5,True,3.13,True,unpinned,True,4,1,1,1,1.0
napari-nyxus,[],,0,False,,True,minimum,False,0,0,1,0,0.3333333333333333
napari-obj,"['3', '3.10', '3.8', '3.9']",>=3.8,4,True,3.10,False,none,True,3,1,0,1,0.6666666666666666
napari-oclrfc,"['3', '3.7', '3.8', '3.9']",>=3.7,4,True,3.9,True,minimum,False,0,1,1,0,0.6666666666666666
napari-oiffile,"['3.10', '3.8', '3.9']",>=3.8,3,True,3.10,False,none,False,0,1,0,0,0.3333333333333333
napari-omaas,"['3', '3.10', '3.11', '3.12']",>=3.10,4,True,3.12,True,unpinned,True,4,1,1,1,1.0
napari-ome-zarr-navigator,"['3', '3.11', '3.12']",>=3.11,3,True,3.12,True,unpinned,True,4,1,1,1,1.0
napari-ome-zarr,"['3', '3.10', '3.11', '3.8', '3.9']",>=3.7,5,True,3.11,True,minimum,False,0,1,1,0,0.6666666666666666
napari-omero-downloader-cci,"['3', '3.9']",>=3.9,2,True,3.9,True,unpinned,False,0,1,1,0,0.6666666666666666
napari-omero,"['3', '3.10', '3.11', '3.12', '3.9']",>=3.9,5,True,3.12,True,unpinned,True,3,1,1,1,1.0
napari-open-ctc,"['3', '3.10', '3.11', '3.9']",>=3.9,4,True,3.11,True,unpinned,True,3,1,1,1,1.0
napari-openfibsem,"['3', '3.10', '3.8', '3.9']",>=3.9,4,True,3.10,True,unpinned,True,4,1,1,1,1.0
napari-opt-handler,"['3', '3.10', '3.11', '3.12', '3.9']",>=3.9,5,True,3.12,True,unpinned,True,4,1,1,1,1.0
napari-organoid-counter,"['3', '3.10', '3.8', '3.9']","<3.11,>=3.9",4,True,3.10,True,unpinned,True,4,1,1,1,1.0
napari-orientationpy,"['3', '3.10', '3.11', '3.12', '3.9']",>=3.9,5,True,3.12,True,minimum,False,0,1,1,0,0.6666666666666666
napari-owncloud,"['3', '3.7', '3.8', '3.9']",>=3.8,4,True,3.9,True,unpinned,False,0,1,1,0,0.6666666666666666
napari-parallel,"['3', '3.10', '3.8', '3.9']",>=3.8,4,True,3.10,True,unpinned,True,4,1,1,1,1.0
napari-patchcreator,"['3', '3.10', '3.8', '3.9']",>=3.8,4,True,3.10,True,unpinned,True,4,1,1,1,1.0
napari-pdf-reader,"['3', '3.7', '3.8', '3.9']",>=3.7,4,True,3.9,True,minimum,False,0,1,1,0,0.6666666666666666
napari-pdr-reader,"['3', '3.10', '3.9']",>=3.9,3,True,3.10,True,unpinned,True,3,1,1,1,1.0
napari-phasors,"['3', '3.11', '3.12']",>=3.11,3,True,3.12,True,unpinned,True,4,1,1,1,1.0
napari-philow,"['3', '3.10', '3.7', '3.8', '3.9']",>=3.8,5,True,3.10,True,unpinned,True,4,1,1,1,1.0
napari-picasso,"['3', '3.10', '3.8', '3.9']",>=3.8,4,True,3.10,True,unpinned,True,4,1,1,1,1.0
napari-pitcount-cfim,[],>=3.9,0,False,,True,unpinned,True,4,0,1,1,0.6666666666666666
napari-pixel-correction,"['3', '3.10', '3.8', '3.9']",>=3.8,4,True,3.10,True,unpinned,True,4,1,1,1,1.0
napari-pixseq,"['3', '3.10', '3.8', '3.9']",>=3.8,4,True,3.10,True,unpinned,True,4,1,1,1,1.0
napari-plot-profile,"['3', '3.7', '3.8', '3.9']",>=3.7,4,True,3.9,True,minimum,False,0,1,1,0,0.6666666666666666
napari-plot,"['3', '3.7', '3.8', '3.9']",>=3.7,4,True,3.9,True,range,True,2,1,1,1,1.0
napari-plugin-manager,"['3.10', '3.11', '3.12', '3.13']",>=3.10,4,True,3.13,True,minimum,True,3,1,1,1,1.0
napari-plugin-search,"['3', '3.7', '3.8', '3.9']",>=3.7,4,True,3.9,True,unpinned,False,0,1,1,0,0.6666666666666666
napari-points2regions,"['3', '3.10', '3.11', '3.9']",>=3.9,4,True,3.11,True,unpinned,True,4,1,1,1,1.0
napari-pointslayer-projection,"['3', '3.10', '3.8', '3.9']",>=3.8,4,True,3.10,True,unpinned,True,4,1,1,1,1.0
napari-potential-field-navigation,"['3', '3.10', '3.8', '3.9']",>=3.8,4,True,3.10,True,unpinned,True,4,1,1,1,1.0
napari-power-spectrum,"['3', '3.10', '3.8', '3.9']",>=3.8,4,True,3.10,True,unpinned,True,4,1,1,1,1.0
napari-power-widgets,"['3', '3.10', '3.8', '3.9']",>=3.8,4,True,3.10,True,unpinned,True,3,1,1,1,1.0
napari-pram,"['3', '3.10', '3.8', '3.9']",>=3.7,4,True,3.10,True,unpinned,True,4,1,1,1,1.0
napari-prism,"['3', '3.10']",>=3.10,2,True,3.10,True,unpinned,True,4,1,1,1,1.0
napari-process-points-and-surfaces,"['3', '3.8', '3.9']",>=3.7,3,True,3.9,True,minimum,False,0,1,1,0,0.6666666666666666
napari-proofread-brainbow,"['3', '3.10', '3.11', '3.12', '3.13']",>=3.10,5,True,3.13,True,unpinned,True,4,1,1,1,1.0
napari-properties-plotter,"['3', '3.7', '3.8', '3.9']",>=3.7,4,True,3.9,True,minimum,False,0,1,1,0,0.6666666666666666
napari-properties-viewer,"['3', '3.7', '3.8', '3.9']",>=3.6,4,True,3.9,True,minimum,False,0,1,1,0,0.6666666666666666
napari-psf-analysis,['3'],>=3.9,1,True,3,True,unpinned,True,4,1,1,1,1.0
napari-psf-extractor,"['3', '3.10', '3.11', '3.12', '3.8', '3.9']",">=3.8,<4.0",6,True,3.12,False,none,False,0,1,0,0,0.3333333333333333
napari-psf-simulator,"['3', '3.10', '3.8', '3.9']",>=3.8,4,True,3.10,True,unpinned,True,4,1,1,1,1.0
napari-psfgenerator,"['3', '3.10', '3.11', '3.12', '3.9']",>=3.9,5,True,3.12,True,unpinned,True,4,1,1,1,1.0
napari-pssr,"['3', '3.7', '3.8', '3.9']",>=3.7,4,True,3.9,True,unpinned,False,0,1,1,0,0.6666666666666666
napari-pyav,"['3', '3.10', '3.11', '3.12', '3.9']",>=3.9,5,True,3.12,False,none,True,3,1,0,1,0.6666666666666666
napari-pyclesperanto-assistant,['3'],>=3.9,1,True,3,True,minimum,False,0,1,1,0,0.6666666666666666
napari-pymeshlab,"['3', '3.8', '3.9']",>=3.8,3,True,3.9,True,unpinned,False,0,1,1,0,0.6666666666666666
napari-pystackreg,"['3', '3.10', '3.8', '3.9']",>=3.8,4,True,3.10,True,unpinned,True,4,1,1,1,1.0
napari-qrcode,"['3', '3.10', '3.8', '3.9']",>=3.8,4,True,3.10,True,unpinned,True,4,1,1,1,1.0
napari-quoll,"['3', '3.10', '3.8', '3.9']",>=3.7,4,True,3.10,True,unpinned,True,4,1,1,1,1.0
napari-rembg,"['3', '3.10', '3.8', '3.9']",>=3.8,4,True,3.10,True,unpinned,True,3,1,1,1,1.0
napari-result-stack,"['3', '3.10', '3.8', '3.9']",>=3.8,4,True,3.10,True,unpinned,True,4,1,1,1,1.0
napari-rioxarray,"['3', '3.10', '3.8', '3.9']",>=3.8,4,True,3.10,True,unpinned,True,3,1,1,1,1.0
napari-roi-manager,"['3', '3.10', '3.11', '3.12', '3.13']",>=3.10,5,True,3.13,True,unpinned,True,4,1,1,1,1.0
napari-roi-registration,"['3', '3.10', '3.8', '3.9']",>=3.8,4,True,3.10,True,unpinned,True,4,1,1,1,1.0
napari-roi,"['3', '3.10', '3.8', '3.9']",>=3.8,4,True,3.10,False,none,False,0,1,0,0,0.3333333333333333
napari-roxas-ai,"['3', '3.10', '3.11', '3.12', '3.9']",>=3.9,5,True,3.12,True,exact,True,4,1,1,1,1.0
napari-sairyscan,"['3', '3.10', '3.8', '3.9']",>=3.8,4,True,3.10,True,unpinned,True,4,1,1,1,1.0
napari-sam,"['3', '3.10', '3.8', '3.9']",>=3.8,4,True,3.10,True,unpinned,True,4,1,1,1,1.0
napari-sam2long,"['3', '3.10', '3.11', '3.12', '3.13']",>=3.10,5,True,3.13,True,unpinned,True,4,1,1,1,1.0
napari-sam4is,"['3', '3.10', '3.11', '3.8', '3.9']",>=3.8,5,True,3.11,True,minimum,True,4,1,1,1,1.0
napari-samv2,"['3', '3.10', '3.11', '3.12', '3.9']",>=3.9,5,True,3.12,True,unpinned,True,4,1,1,1,1.0
napari-save-transformed,"['3.10', '3.11', '3.12', '3.9']",>=3.9,4,True,3.12,True,unpinned,False,0,1,1,0,0.6666666666666666
napari-sc3d-viewer,"['3', '3.10', '3.8', '3.9']",>=3.8,4,True,3.10,True,unpinned,True,4,1,1,1,1.0
napari-script-editor,"['3', '3.7', '3.8', '3.9']",>=3.7,4,True,3.9,True,unpinned,False,0,1,1,0,0.6666666666666666
napari-sdeconv,"['3', '3.10', '3.8', '3.9']",>=3.8,4,True,3.10,True,unpinned,True,4,1,1,1,1.0
napari-sdtfile,"['3.10', '3.8', '3.9']",>=3.8,3,True,3.10,False,none,False,0,1,0,0,0.3333333333333333
napari-sediment,"['3', '3.10', '3.11', '3.9']",>=3.9,4,True,3.11,True,unpinned,True,4,1,1,1,1.0
napari-seedseg,"['3', '3.10', '3.8', '3.9']",>=3.8,4,True,3.10,False,none,False,0,1,0,0,0.3333333333333333
napari-segment-anything-2,"['3', '3.10', '3.11', '3.12', '3.9']",>=3.9,5,True,3.12,True,unpinned,True,4,1,1,1,1.0
napari-segment-anything,"['3', '3.10', '3.8', '3.9']",>=3.8,4,True,3.10,True,unpinned,True,4,1,1,1,1.0
napari-segment-blobs-and-things-with-membranes,"['3', '3.10', '3.8', '3.9']",>=3.8,4,True,3.10,True,unpinned,False,0,1,1,0,0.6666666666666666
napari-segment-everything,"['3', '3.10', '3.9']",>=3.9,3,True,3.10,True,unpinned,True,4,1,1,1,1.0
napari-segment,"['3', '3.10', '3.8', '3.9']",>=3.8,4,True,3.10,True,unpinned,True,2,1,1,1,1.0
napari-segmentation-overlap-filter,"['3', '3.10', '3.8', '3.9']",>=3.8,4,True,3.10,True,unpinned,True,4,1,1,1,1.0
napari-segselect,"['3', '3.10', '3.11', '3.12', '3.9']",>=3.9,5,True,3.12,True,unpinned,True,0,1,1,1,1.0
napari-serialcellpose,"['3', '3.10', '3.11', '3.12']",>=3.10,4,True,3.12,True,unpinned,True,4,1,1,1,1.0
napari-shape-odyssey,"['3', '3.10', '3.8', '3.9']",>=3.8,4,True,3.10,True,unpinned,True,4,1,1,1,1.0
napari-sif-reader,"['3', '3.10', '3.8', '3.9']",>=3.8,4,True,3.10,False,none,True,3,1,0,1,0.6666666666666666
napari-sift-registration,"['3', '3.10', '3.8', '3.9']",>=3.8,4,True,3.10,True,unpinned,True,4,1,1,1,1.0
napari-signal-selector,"['3', '3.10', '3.11', '3.8', '3.9']",>=3.8,5,True,3.11,True,minimum,True,4,1,1,1,1.0
napari-sim-processor,"['3', '3.10', '3.8', '3.9']",>=3.8,4,True,3.10,True,unpinned,True,4,1,1,1,1.0
napari-sim-simulator,"['3', '3.10', '3.8', '3.9']",>=3.8,4,True,3.10,True,unpinned,True,4,1,1,1,1.0
napari-simple-orthoviewer,"['3', '3.10', '3.11', '3.12', '3.9']",>=3.9,5,True,3.12,True,unpinned,True,4,1,1,1,1.0
napari-simpleannotate,"['3', '3.10', '3.8', '3.9']",>=3.8,4,True,3.10,True,unpinned,True,4,1,1,1,1.0
napari-simpleitk-image-processing,"['3', '3.10', '3.8', '3.9']",>=3.8,4,True,3.10,True,minimum,False,0,1,1,0,0.6666666666666666
napari-sketchpose,"['3', '3.10', '3.8', '3.9']",>=3.8,4,True,3.10,True,unpinned,True,4,1,1,1,1.0
napari-skimage-regionprops,"['3', '3.10', '3.8', '3.9']",>=3.8,4,True,3.10,True,unpinned,False,0,1,1,0,0.6666666666666666
napari-skimage,"['3', '3.10', '3.11', '3.12', '3.9']",>=3.9,5,True,3.12,True,unpinned,True,4,1,1,1,1.0
napari-smlmlab,['3.9'],>=3.9,1,True,3.9,True,unpinned,True,4,1,1,1,1.0
napari-solarized,"['3', '3.10', '3.8', '3.9']",>=3.8,4,True,3.10,False,none,True,2,1,0,1,0.6666666666666666
napari-spacetx-explorer,"['3', '3.7', '3.8', '3.9']",>=3.7,4,True,3.9,True,minimum,False,0,1,1,0,0.6666666666666666
napari-spatial-correlation-plotter,"['3', '3.10', '3.8', '3.9']",>=3.8,4,True,3.10,True,unpinned,True,4,1,1,1,1.0
napari-spatial-omics,"['3', '3.7', '3.8', '3.9']",>=3.7,4,True,3.9,True,minimum,False,0,1,1,0,0.6666666666666666
napari-spatialdata,"['3', '3.10', '3.11', '3.12']",>=3.10,4,True,3.12,True,unpinned,True,3,1,1,1,1.0
napari-spfluo,"['3', '3.10', '3.11', '3.8', '3.9']",>=3.8,5,True,3.11,False,none,False,0,1,0,0,0.3333333333333333
napari-splinebox,"['3', '3.10', '3.11', '3.12', '3.9']",>=3.9,5,True,3.12,True,unpinned,True,4,1,1,1,1.0
napari-splinedist,"['3', '3.10', '3.8', '3.9']",>=3.8,4,True,3.10,True,unpinned,True,4,1,1,1,1.0
napari-splineit,"['3', '3.10', '3.7', '3.8', '3.9']",>=3.7,5,True,3.10,True,unpinned,True,4,1,1,1,1.0
napari-spofi,"['3', '3.10', '3.8', '3.9']",>=3.8,4,True,3.10,True,unpinned,True,1,1,1,1,1.0
napari-spotiflow,"['3', '3.10', '3.11', '3.12', '3.9']","<3.13,>=3.9",5,True,3.12,True,minimum,False,0,1,1,0,0.6666666666666666
napari-spreadsheet,['3'],>=3.8,1,True,3,True,unpinned,True,4,1,1,1,1.0
napari-stable-diffusion,"['3', '3.10', '3.8', '3.9']",>=3.8,4,True,3.10,True,unpinned,True,4,1,1,1,1.0
napari-steinpose,"['3', '3.8', '3.9']",>=3.8,3,True,3.9,True,unpinned,True,4,1,1,1,1.0
napari-stitcher,"['3', '3.10', '3.11', '3.12']",>=3.10,4,True,3.12,True,unpinned,True,4,1,1,1,1.0
napari-stl-exporter,"['3', '3.7', '3.8', '3.9']",>=3.7,4,True,3.9,True,unpinned,False,0,1,1,0,0.6666666666666666
napari-stracking,"['3', '3.10', '3.8', '3.9']",>=3.8,4,True,3.10,True,minimum,False,0,1,1,0,0.6666666666666666
napari-stress,"['3', '3.10', '3.11', '3.9']",>=3.9,4,True,3.11,True,minimum,True,4,1,1,1,1.0
napari-subboxer,"['3', '3.7', '3.8', '3.9']",>=3.7,4,True,3.9,True,exact,False,0,1,1,0,0.6666666666666666
napari-superres,"['3', '3.10', '3.8', '3.9']",>=3.8,4,True,3.10,False,none,False,0,1,0,0,0.3333333333333333
napari-svetlana,"['3', '3.7', '3.8', '3.9']",>=3.9,4,True,3.9,True,minimum,False,0,1,1,0,0.6666666666666666
napari-svg,"['3', '3.10', '3.11', '3.12', '3.9']",>=3.9,5,True,3.12,True,minimum,True,2,1,1,1,1.0
napari-swc-editor,"['3', '3.10', '3.11', '3.12', '3.9']",>=3.9,5,True,3.12,True,unpinned,True,4,1,1,1,1.0
napari-swc-reader,"['3', '3.10', '3.11', '3.12', '3.9']",>=3.9,5,True,3.12,False,none,True,3,1,0,1,0.6666666666666666
napari-tabu,"['3', '3.7', '3.8', '3.9']",>=3.7,4,True,3.9,True,unpinned,False,0,1,1,0,0.6666666666666666
napari-tapenade-processing,"['3', '3.10', '3.8', '3.9']",>=3.8,4,True,3.10,True,unpinned,True,4,1,1,1,1.0
napari-tardis-em,['3.10'],>=3.10,1,True,3.10,True,unpinned,True,4,1,1,1,1.0
napari-text-layer,"['3', '3.7', '3.8', '3.9']",>=3.7,4,True,3.9,False,none,False,0,1,0,0,0.3333333333333333
napari-threedee,"['3', '3.10', '3.11', '3.12', '3.13']",>=3.10,5,True,3.13,True,minimum,True,2,1,1,1,1.0
napari-tiff,"['3', '3.10', '3.11', '3.12']",>=3.10,4,True,3.12,False,none,True,2,1,0,1,0.6666666666666666
napari-tifffile,"['3.10', '3.8', '3.9']",>=3.8,3,True,3.10,False,none,False,0,1,0,0,0.3333333333333333
napari-tiledb-bioimg,"['3', '3.10', '3.8', '3.9']",>=3.8,4,True,3.10,True,unpinned,True,3,1,1,1,1.0
napari-tiler,"['3', '3.10', '3.7', '3.8', '3.9']",">=3.7,<3.11",5,True,3.10,True,range,False,0,1,1,0,0.6666666666666666
napari-time-series-plotter,"['3', '3.10', '3.8', '3.9']",>=3.8,4,True,3.10,True,unpinned,True,4,1,1,1,1.0
napari-time-slicer,"['3', '3.10', '3.8', '3.9']",>=3.8,4,True,3.10,True,unpinned,False,0,1,1,0,0.6666666666666666
napari-timelapse-processor,"['3', '3.10', '3.11', '3.12', '3.9']",>=3.9,5,True,3.12,True,unpinned,True,3,1,1,1,1.0
napari-timeseries-opener-plugin,"['3', '3.7', '3.8', '3.9']",>=3.7,4,True,3.9,True,minimum,False,0,1,1,0,0.6666666666666666
napari-tissue-cuboid-analysis,"['3', '3.10', '3.11', '3.12', '3.13']",>=3.10,5,True,3.13,True,unpinned,True,4,1,1,1,1.0
napari-tissuumaps,['3'],>=3.8,1,True,3,True,unpinned,True,3,1,1,1,1.0
napari-tmidas,"['3', '3.10', '3.11', '3.9']",>=3.9,4,True,3.11,True,unpinned,True,4,1,1,1,1.0
napari-tomocube-data-viewer,"['3', '3.10', '3.11', '3.12', '3.8', '3.9']",>=3.8,6,True,3.12,False,none,True,3,1,0,1,0.6666666666666666
napari-tomodl,"['3', '3.10', '3.8', '3.9']",<=3.9,4,True,3.10,True,unpinned,True,4,1,1,1,1.0
napari-tomoslice,"['3', '3.10', '3.11', '3.9']",>=3.8,4,True,3.11,True,unpinned,True,2,1,1,1,1.0
napari-tomotwin,"['3', '3.10']",>=3.10,2,True,3.10,True,minimum,True,3,1,1,1,1.0
napari-toolkit,"['3', '3.10', '3.11', '3.12', '3.9']",>=3.9,5,True,3.12,True,unpinned,True,4,1,1,1,1.0
napari-toothfairy-annotator,"['3', '3.10', '3.8', '3.9']",>=3.8,4,True,3.10,True,unpinned,True,4,1,1,1,1.0
napari-toska,"['3', '3.10', '3.11', '3.12', '3.13', '3.9']",>=3.9,6,True,3.13,True,unpinned,True,4,1,1,1,1.0
napari-tracing,"['3', '3.10', '3.8', '3.9']",>=3.8,4,True,3.10,True,unpinned,True,4,1,1,1,1.0
napari-trackastra,"['3.10', '3.11', '3.12']",>=3.10,3,True,3.12,True,unpinned,True,4,1,1,1,1.0
napari-trackpy,"['3', '3.10', '3.11', '3.8', '3.9']",>=3.8,5,True,3.11,True,unpinned,True,4,1,1,1,1.0
napari-tracks-reader,"['3', '3.7', '3.8', '3.9']",>=3.6,4,True,3.9,True,minimum,False,0,1,1,0,0.6666666666666666
napari-trait2d,"['3', '3.10', '3.8', '3.9']",>=3.8,4,True,3.10,True,unpinned,True,4,1,1,1,1.0
napari-tree-rings,"['3', '3.10', '3.11', '3.12', '3.9']",>=3.9,5,True,3.12,True,unpinned,True,4,1,1,1,1.0
napari-turing,"['3', '3.10', '3.8', '3.9']",>=3.8,4,True,3.10,True,unpinned,True,4,1,1,1,1.0
napari-tyssue,"['3', '3.10', '3.8', '3.9']",>=3.8,4,True,3.10,True,unpinned,True,4,1,1,1,1.0
napari-ufish,"['3', '3.10', '3.11', '3.9']",>=3.9,4,True,3.11,True,unpinned,True,4,1,1,1,1.0
napari-ui-tracer,"['3', '3.10', '3.8', '3.9']",>=3.8,4,True,3.10,True,unpinned,True,4,1,1,1,1.0
napari-umap,"['3', '3.10', '3.8', '3.9']",>=3.8,4,True,3.10,True,unpinned,True,4,1,1,1,1.0
napari-unicell,"['3', '3.10', '3.8', '3.9']",>=3.8,4,True,3.10,True,unpinned,True,4,1,1,1,1.0
napari-unispac,[],,0,False,,True,unpinned,False,0,0,1,0,0.3333333333333333
napari-update-checker,"['3.10', '3.11', '3.9']",>=3.8,3,True,3.11,True,minimum,True,3,1,1,1,1.0
napari-utrack-loader,"['3', '3.10', '3.11', '3.12', '3.9']",>=3.9,5,True,3.12,True,unpinned,True,4,1,1,1,1.0
napari-validate-random-label-predictions,"['3', '3.10', '3.8', '3.9']",>=3.8,4,True,3.10,True,unpinned,True,4,1,1,1,1.0
napari-vascilia,['3'],,1,True,3,True,unpinned,False,0,1,1,0,0.6666666666666666
napari-vector-graphics,"['3', '3.10', '3.11', '3.12', '3.9']",>=3.9,5,True,3.12,True,unpinned,True,4,1,1,1,1.0
napari-vectorizer,"['3', '3.10', '3.11', '3.12', '3.9']",>=3.9,5,True,3.12,True,unpinned,True,4,1,1,1,1.0
napari-vedo-bridge,"['3', '3.10', '3.8', '3.9']",>=3.9,4,True,3.10,True,unpinned,True,4,1,1,1,1.0
napari-vemseg,"['3', '3.8']",>=3.8,2,True,3.8,False,none,False,0,1,0,0,0.3333333333333333
napari-vesicles-segmentation,"['3', '3.10', '3.8', '3.9']",>=3.8,4,True,3.10,True,unpinned,True,4,1,1,1,1.0
napari-video-cvdask,"['3', '3.10', '3.7', '3.8', '3.9']",>=3.7,5,True,3.10,False,none,False,0,1,0,0,0.3333333333333333
napari-video,[],>=3.6,0,False,,False,none,False,0,0,0,0,0.0
napari-vodex,"['3', '3.10', '3.8', '3.9']",>=3.8,4,True,3.10,True,unpinned,True,4,1,1,1,1.0
napari-webcam,"['3', '3.7', '3.8', '3.9']",>=3.6,4,True,3.9,True,unpinned,False,0,1,1,0,0.6666666666666666
napari-workflow-inspector,"['3', '3.7', '3.8', '3.9']",>=3.7,4,True,3.9,True,unpinned,False,0,1,1,0,0.6666666666666666
napari-workflow-optimizer,"['3', '3.7', '3.8', '3.9']",>=3.7,4,True,3.9,True,minimum,False,0,1,1,0,0.6666666666666666
napari-workshop-browser,"['3', '3.10', '3.8', '3.9']",>=3.8,4,True,3.10,True,unpinned,True,4,1,1,1,1.0
napari-workshop-plugin,"['3', '3.10', '3.11', '3.8', '3.9']",>=3.8,5,True,3.11,True,unpinned,True,4,1,1,1,1.0
napari-wsi,[],>=3.11,0,False,,False,none,False,0,0,0,0,0.0
napari-wsireg,"['3', '3.8', '3.9']",>=3.8,3,True,3.9,True,unpinned,False,0,1,1,0,0.6666666666666666
napari-xgboost,"['3', '3.10', '3.11', '3.12', '3.9']",>=3.9,5,True,3.12,True,unpinned,True,4,1,1,1,1.0
napari-yapic-prediction,"['3', '3.7', '3.8']",>=3.6,3,True,3.8,True,unpinned,False,0,1,1,0,0.6666666666666666
napari-yolo5-mitosis-detector,"['3', '3.10', '3.11', '3.8', '3.9']",>=3.9,5,True,3.11,True,unpinned,True,4,1,1,1,1.0
napari-yolov5,"['3', '3.7', '3.8', '3.9']",>=3.7,4,True,3.9,False,none,False,0,1,0,0,0.3333333333333333
napari-zelda,"['3', '3.7']",>=3.7,2,True,3.7,False,none,False,0,1,0,0,0.3333333333333333
napari-zplane-depth-colorizer,"['3', '3.10', '3.11', '3.12', '3.9']",>=3.9,5,True,3.12,True,unpinned,True,4,1,1,1,1.0
napari-zulip,"['3', '3.10', '3.9']",>=3.9,3,True,3.10,True,unpinned,True,4,1,1,1,1.0
napatrackmater,"['3', '3.10', '3.8', '3.9']",>=3.8,4,True,3.10,True,unpinned,True,4,1,1,1,1.0
napping,"['3', '3.8', '3.9']",>=3.8,3,True,3.9,True,minimum,False,0,1,1,0,0.6666666666666666
natari,"['3', '3.7', '3.8', '3.9']",>=3.7,4,True,3.9,True,unpinned,False,0,1,1,0,0.6666666666666666
nd2-dask,"['3', '3.6', '3.7', '3.8']",>=3.6,4,True,3.8,True,minimum,False,0,1,1,0,0.6666666666666666
ndev-sampledata,"['3', '3.10', '3.11', '3.12', '3.13']",>=3.10,5,True,3.13,True,unpinned,True,3,1,1,1,1.0
ndev-settings,"['3', '3.10', '3.11', '3.12', '3.13']",>=3.10,5,True,3.13,True,unpinned,False,0,1,1,0,0.6666666666666666
ndev-themes,"['3', '3.10', '3.11', '3.12', '3.13']",>=3.10,5,True,3.13,True,unpinned,True,3,1,1,1,1.0
nellie,[],>=3.9,0,False,,True,unpinned,False,0,0,1,0,0.3333333333333333
neurofly,['3'],>=3.8,1,True,3,True,unpinned,False,0,1,1,0,0.6666666666666666
neurogenesis-napari,"['3.10', '3.11', '3.12']",>=3.10,3,True,3.12,True,unpinned,False,0,1,1,0,0.6666666666666666
nfinder,['3.7'],>=3.7,1,True,3.7,False,none,False,0,1,0,0,0.3333333333333333
notochoordinates,"['3', '3.10', '3.11', '3.12', '3.13']",>=3.10,5,True,3.13,True,unpinned,True,4,1,1,1,1.0
nucleaizer-backend,"['3', '3.10', '3.8', '3.9']",>=3.8,4,True,3.10,False,none,False,0,1,0,0,0.3333333333333333
offset-subtraction,"['3', '3.7', '3.8', '3.9']",>=3.7,4,True,3.9,True,minimum,False,0,1,1,0,0.6666666666666666
okapi-em,"['3', '3.10', '3.7', '3.8', '3.9']",>=3.7,5,True,3.10,True,unpinned,True,4,1,1,1,1.0
ome-zarr,['3'],>3.10,1,True,3,False,none,True,1,1,0,1,0.6666666666666666
organelle-segmenter-plugin,"['3', '3.10', '3.8', '3.9']",>=3.8,4,True,3.10,True,unpinned,True,4,1,1,1,1.0
ortho-view-napari,"['3', '3.7', '3.8', '3.9']",>=3.7,4,True,3.9,True,minimum,False,0,1,1,0,0.6666666666666666
palmari,"['3', '3.10', '3.8', '3.9']",>=3.8,4,True,3.10,True,unpinned,True,4,1,1,1,1.0
partial-aligner,"['3', '3.9']",>=3.9,2,True,3.9,True,minimum,False,0,1,1,0,0.6666666666666666
partseg-smfish,"['3', '3.10', '3.8', '3.9']",>=3.8,4,True,3.10,True,unpinned,True,4,1,1,1,1.0
partseg,"['3', '3.10', '3.11', '3.12', '3.9']",>=3.9,5,True,3.12,True,minimum,True,3,1,1,1,1.0
platelet-unet-watershed,"['3', '3.7', '3.8', '3.9']",>=3.7,4,True,3.9,False,none,False,0,1,0,0,0.3333333333333333
platemapper,"['3', '3.10', '3.11', '3.12', '3.13', '3.9']",>=3.9,6,True,3.13,False,none,True,3,1,0,1,0.6666666666666666
platetrack,"['3', '3.10', '3.11', '3.9']",>=3.7,4,True,3.11,True,unpinned,False,0,1,1,0,0.6666666666666666
platymatch,"['3', '3.7', '3.8', '3.9']",>=3.6,4,True,3.9,True,unpinned,True,1,1,1,1,1.0
popidd-io,"['3', '3.10', '3.11', '3.12']",>=3.10,4,True,3.12,True,unpinned,True,4,1,1,1,1.0
poser-napari,"['3', '3.10']",>=3.10,2,True,3.10,True,unpinned,True,4,1,1,1,1.0
psf-analysis-cfim,[],>=3.9,0,False,,True,unpinned,True,1,0,1,1,0.6666666666666666
psfmodels,"['3', '3.10', '3.7', '3.8', '3.9']",>=3.7,5,True,3.10,False,none,True,3,1,0,1,0.6666666666666666
pssr,"['3', '3.10', '3.11', '3.12', '3.13', '3.9']","<4.0,>=3.9",6,True,3.13,True,range,False,0,1,1,0,0.6666666666666666
pyclesperanto-prototype,"['3', '3.10', '3.7', '3.8', '3.9']",>=3.6,5,True,3.10,False,none,False,0,1,0,0,0.3333333333333333
pycudadecon,"['3', '3.10', '3.11', '3.12', '3.8', '3.9']",>=3.8,6,True,3.12,False,none,True,2,1,0,1,0.6666666666666666
pystack3d-napari,"['3.10', '3.11', '3.12', '3.13']",>=3.10,4,True,3.13,True,unpinned,False,0,1,1,0,0.6666666666666666
qhyccd-capture,"['3', '3.10', '3.11', '3.12', '3.9']",>=3.9,5,True,3.12,True,unpinned,True,4,1,1,1,1.0
quantpunc,"['3', '3.10', '3.11']",>=3.10,3,True,3.11,True,unpinned,True,4,1,1,1,1.0
recorder-napari,"['3.10', '3.9']",>=3.9,2,True,3.10,True,unpinned,True,4,1,1,1,1.0
redlionfish,['3.8'],,1,True,3.8,False,none,False,0,1,0,0,0.3333333333333333
samcell-napari,"['3', '3.10', '3.8', '3.9']",>=3.8,4,True,3.10,True,minimum,True,2,1,1,1,1.0
segment-embryo,"['3', '3.10', '3.11', '3.12', '3.9']",>=3.9,5,True,3.12,True,unpinned,True,4,1,1,1,1.0
segmentree,"['3', '3.10', '3.11', '3.12', '3.13']",==3.10.16,5,True,3.13,True,unpinned,True,4,1,1,1,1.0
set-calibration,"['3', '3.10', '3.11', '3.12']",>=3.10,4,True,3.12,True,unpinned,True,4,1,1,1,1.0
seu-3d,['3'],>=3.10,1,True,3,False,none,False,0,1,0,0,0.3333333333333333
skan,"['3.10', '3.8', '3.9']",>=3.9,3,True,3.10,True,minimum,True,4,1,1,1,1.0
skeleton-finder,[],,0,False,,True,unpinned,False,0,0,1,0,0.3333333333333333
smo,"['3.10', '3.11', '3.7', '3.8', '3.9']",,5,True,3.11,False,none,True,2,1,0,1,0.6666666666666666
snouty-viewer,"['3', '3.10', '3.8', '3.9']",>=3.8,4,True,3.10,True,unpinned,True,4,1,1,1,1.0
some-library,"['3', '3.10', '3.11', '3.12', '3.9']",>=3.8,5,True,3.12,False,none,True,3,1,0,1,0.6666666666666666
spots-in-yeasts,"['3', '3.10', '3.8', '3.9']",>=3.8,4,True,3.10,True,unpinned,True,4,1,1,1,1.0
stardist-napari,"['3.10', '3.11', '3.8', '3.9']",>=3.8,4,True,3.11,True,minimum,True,2,1,1,1,1.0
surforama,"['3', '3.10', '3.8', '3.9']",>=3.8,4,True,3.10,True,unpinned,True,4,1,1,1,1.0
test-detect-spots,"['3', '3.10', '3.8', '3.9']",>=3.8,4,True,3.10,True,unpinned,True,4,1,1,1,1.0
the-segmentation-game,"['3', '3.10', '3.8', '3.9']",>=3.7,4,True,3.10,True,unpinned,False,0,1,1,0,0.6666666666666666
tootapari,"['3', '3.10', '3.8', '3.9']",>=3.8,4,True,3.10,False,none,True,3,1,0,1,0.6666666666666666
traceanalyser,"['3', '3.10', '3.11', '3.12', '3.9']",>=3.9,5,True,3.12,True,unpinned,True,4,1,1,1,1.0
tracking-challenge-demo,"['3', '3.10', '3.8', '3.9']",>=3.8,4,True,3.10,True,unpinned,True,4,1,1,1,1.0
tracktour,"['3', '3.10', '3.8', '3.9']",>=3.8,4,True,3.10,True,unpinned,True,1,1,1,1,1.0
unet-lungs-segmentation,"['3', '3.10', '3.8', '3.9']",>=3.8,4,True,3.10,True,unpinned,True,4,1,1,1,1.0
vessel-express-napari,"['3', '3.7', '3.8', '3.9']",>=3.7,4,True,3.9,True,minimum,False,0,1,1,0,0.6666666666666666
vessqc,"['3', '3.10', '3.11', '3.12', '3.9']",>=3.9,5,True,3.12,True,minimum,True,4,1,1,1,1.0
vollseg-napari-mtrack,"['3', '3.10', '3.8', '3.9']",>=3.8,4,True,3.10,True,unpinned,True,4,1,1,1,1.0
vollseg-napari-trackmate,"['3', '3.10', '3.8', '3.9']",>=3.8,4,True,3.10,True,unpinned,True,4,1,1,1,1.0
vollseg-napari,"['3.7', '3.8', '3.9']",>=3.7,3,True,3.9,True,minimum,True,2,1,1,1,1.0
waver,"['3', '3.7', '3.8', '3.9']",>=3.7,4,True,3.9,True,minimum,False,0,1,1,0,0.6666666666666666
workshop-demo,"['3', '3.10', '3.7', '3.8', '3.9']",>=3.7,5,True,3.10,True,minimum,False,0,1,1,0,0.6666666666666666
world2data,"['3', '3.7', '3.8', '3.9']",>=3.7,4,True,3.9,True,minimum,False,0,1,1,0,0.6666666666666666
yt-napari,['3'],>=3.8,1,True,3,True,minimum,True,2,1,1,1,1.0
zarpaint,"['3', '3.10', '3.11', '3.12', '3.9']",>=3.7,5,True,3.12,True,unpinned,True,4,1,1,1,1.0
zarr-tools,"['3', '3.10', '3.8', '3.9']",>=3.8,4,True,3.10,False,none,False,0,1,0,0,0.3333333333333333
