plugin_name,has_napari_dependency,napari_dependencies,napari_specification,napari_pin_type,num_napari_deps,compatibility_category
acquifer-napari,True,['napari'],napari,unpinned,1,unpinned
affinder,True,"['napari>=0.4.17', 'napari[pyqt5]!=0.4.18; extra == ""testing""']",napari[pyqt5]!=0.4.18,complex,2,malformed
allencell-segmenter-ml,True,"['napari>=0.4.18; extra == ""napari""', 'napari>=0.4.18; extra == ""test-lint""']",napari>=0.4.18,range,2,minimum_compatible
alveoleye,True,"['napari; extra == ""testing""']",napari,unpinned,1,unpinned
anchor-droplet-chip,True,['napari'],napari,unpinned,1,unpinned
annotrack,True,['napari'],napari,unpinned,1,unpinned
applet3,True,"['napari; extra == ""testing""']",napari,unpinned,1,unpinned
arcos-gui,True,['napari>=0.4.14'],napari>=0.4.14,range,1,minimum_compatible
arcospx-napari,True,"['napari; extra == ""testing""']",napari,unpinned,1,unpinned
autolamella,False,[],,none,0,no_constraint
avidaq,True,"[""napari ; extra == 'testing'""]",napari,unpinned,1,unpinned
axondeepseg,True,['napari[all]'],napari[all],complex,1,malformed
bactfit,False,[],,none,0,no_constraint
bbii-decon,False,[],,none,0,no_constraint
beetlesafari,True,['napari'],napari,unpinned,1,unpinned
bfio,False,[],,none,0,no_constraint
bia-bob,False,[],,none,0,no_constraint
biaplotter,True,"['napari; extra == ""testing""']",napari,unpinned,1,unpinned
blik,True,"['napari[all]>=0.6.0; extra == ""all""', 'napari[all]>=0.6.0; extra == ""dev""', 'napari[all]>=0.6.0; extra == ""test""']",napari[all]>=0.6.0,range,3,malformed
brainglobe-napari-io,True,['napari>=0.6.1'],napari>=0.6.1,range,1,minimum_incompatible
brainglobe-registration,True,"['napari!=0.6.0,>=0.4.18']","napari!=0.6.0,>=0.4.18",range,1,minimum_compatible
brainglobe-segmentation,True,"['napari!=0.6.0,>=0.5']","napari!=0.6.0,>=0.5",range,1,minimum_compatible
brainglobe-stitch,True,['napari>=0.4.18'],napari>=0.4.18,range,1,minimum_compatible
brainglobe-utils,True,"['napari[all]; extra == ""napari""']",napari[all],complex,1,malformed
brainreg-napari,True,"['napari', ""napari[pyqt5] ; extra == 'dev'""]",napari[pyqt5],complex,2,malformed
brainreg-segment,True,['napari >=0.4.5'],napari >=0.4.5,range,1,minimum_compatible
brainreg,True,"['napari[pyqt5]!=0.6.0,>=0.5; extra == ""napari""', 'napari[pyqt5]!=0.6.0,>=0.5; extra == ""dev""']","napari[pyqt5]!=0.6.0,>=0.5",range,2,malformed
brainrender-napari,True,['napari>=0.6.1'],napari>=0.6.1,range,1,minimum_incompatible
brainways,True,['napari[all]>=0.5.0'],napari[all]>=0.5.0,range,1,malformed
brendan-beads,True,"['napari; extra == ""testing""']",napari,unpinned,1,unpinned
brillouin-imaging,True,"['napari; extra == ""testing""']",napari,unpinned,1,unpinned
btrack,True,"[""napari >=0.4.16 ; extra == 'napari'""]",napari >=0.4.16,range,1,minimum_compatible
cell-aap,True,['napari[all]>=0.4.19'],napari[all]>=0.4.19,range,1,malformed
cellcanvas,True,"[""napari ; extra == 'dev'"", ""napari ; extra == 'testing'""]",napari,unpinned,2,unpinned
cellfinder-napari,True,['napari'],napari,unpinned,1,unpinned
cellfinder,True,"['napari[pyqt5]; extra == ""napari""']",napari[pyqt5],complex,1,malformed
cellpose-counter,True,"['napari[all]>=0.5.4', 'napari; extra == ""testing""']",napari,unpinned,2,unpinned
cellpose-napari,True,"['napari', 'napari; extra == ""testing""']",napari,unpinned,2,unpinned
cochlea-synapseg,True,"['napari; extra == ""testing""']",napari,unpinned,1,unpinned
cryocanvas,True,"[""napari ; extra == 'testing'""]",napari,unpinned,1,unpinned
cut-detector,True,"['napari[all]', 'napari; extra == ""testing""']",napari,unpinned,2,unpinned
cylindra,True,['napari>=0.5.1'],napari>=0.5.1,range,1,minimum_compatible
darth-d,False,[],,none,0,no_constraint
destripe-lsfm,True,"['napari; extra == ""testing""']",napari,unpinned,1,unpinned
devbio-napari,True,['napari'],napari,unpinned,1,unpinned
disease-classifier,True,"['napari (>=0.4.15)', ""napari ; extra == 'testing'""]",napari,unpinned,2,unpinned
domb-napari,True,['napari'],napari,unpinned,1,unpinned
eats-worm,True,['napari[all]'],napari[all],complex,1,malformed
ebi-oct,True,['napari>=0.6.1'],napari>=0.6.1,range,1,minimum_incompatible
elastix-napari,True,['napari[all] (>=0.4.6)'],napari[all] (>=0.4.6),range,1,malformed
empanada-napari,True,['napari==0.4.18'],napari==0.4.18,exact,1,exact_incompatible
epicure,True,"['napari<=0.4.19', 'napari; extra == ""testing""']",napari,unpinned,2,unpinned
epitools,True,['napari'],napari,unpinned,1,unpinned
faser,False,[],,none,0,no_constraint
featureforest,True,['napari[all]'],napari[all],complex,1,malformed
fibsem,True,"['napari<=0.5.3,>=0.4.17; extra == ""ui""']","napari<=0.5.3,>=0.4.17",range,1,range_compatible
fish-scan,True,"['napari; extra == ""testing""']",napari,unpinned,1,unpinned
fishfeats,True,['napari<0.6.5'],napari<0.6.5,maximum,1,maximum_compatible
fitellipsoid,True,"['napari>=0.5.6', 'napari; extra == ""testing""']",napari,unpinned,2,unpinned
flood-napari,False,[],,none,0,no_constraint
frontveg,True,"['napari; extra == ""testing""']",napari,unpinned,1,unpinned
fspi-analysis,True,['napari'],napari,unpinned,1,unpinned
generate-dense-patches,True,"['napari >=0.4.18', ""napari ; extra == 'testing'""]",napari,unpinned,2,unpinned
grabber-ift,False,[],,none,0,no_constraint
guanine-crystal-analysis,True,"[""napari ; extra == 'testing'""]",napari,unpinned,1,unpinned
harpy-analysis,True,"['napari[all]>=0.4.18; extra == ""dev""', 'napari[all]>=0.4.18; extra == ""extra""', 'napari[all]>=0.4.18; extra == ""napari""']",napari[all]>=0.4.18,range,3,malformed
hesperos,True,"['napari (<0.4.15)', ""napari ; extra == 'testing'""]",napari,unpinned,2,unpinned
hipocount-napari,True,['napari'],napari,unpinned,1,unpinned
iacs-ipac-reader,True,['napari (>=0.4.12)'],napari (>=0.4.12),range,1,malformed
ilastik-napari,True,['napari>=0.4.13'],napari>=0.4.13,range,1,minimum_compatible
image-composer,False,[],,none,0,no_constraint
image-part-selecter,False,[],,none,0,no_constraint
imaxt-multiscale-plugin,True,"[""napari ; extra == 'testing'""]",napari,unpinned,1,unpinned
in-silico-fate-mapping,True,['napari'],napari,unpinned,1,unpinned
iterseg,True,['napari'],napari,unpinned,1,unpinned
koopa-viz,False,[],,none,0,no_constraint
label-creator,False,[],,none,0,no_constraint
large-image-viewer,False,[],,none,0,no_constraint
lasso-3d,True,"['napari; extra == ""testing""']",napari,unpinned,1,unpinned
layer-data-replace,False,[],,none,0,no_constraint
lineagetree,False,[],,none,0,no_constraint
lls-core,True,"['napari; extra == ""testing""']",napari,unpinned,1,unpinned
lsfm-destripe-napari,True,"['napari; extra == ""testing""']",napari,unpinned,1,unpinned
lsfm-fusion-napari,True,"['napari[all]', 'napari; extra == ""testing""']",napari,unpinned,2,unpinned
manini,True,"['napari', 'napari; extra == ""testing""']",napari,unpinned,2,unpinned
microscope-napari,True,"['napari', 'napari; extra == ""testing""']",napari,unpinned,2,unpinned
midi-app-controller,True,"['napari>=0.4.19', 'napari[all]; extra == ""testing""']",napari[all],complex,2,malformed
mikro-napari,False,[],,none,0,no_constraint
misic-napari,False,[],,none,0,no_constraint
mitoclass,True,"['napari[all]', 'napari[all]; extra == ""all""', 'napari[qt]; extra == ""testing""']",napari[qt],complex,3,malformed
mmv-h4cells,True,"['napari; extra == ""testing""']",napari,unpinned,1,unpinned
mmv-h4tracks,True,['napari'],napari,unpinned,1,unpinned
mmv-playground,True,"['napari', 'napari; extra == ""testing""']",napari,unpinned,2,unpinned
mmv-regionseg,True,"['napari', 'napari; extra == ""testing""']",napari,unpinned,2,unpinned
mobiofox,True,"['napari', 'napari; extra == ""testing""']",napari,unpinned,2,unpinned
morphometrics-engine,True,"['napari', ""napari ; extra == 'testing'""]",napari,unpinned,2,unpinned
morphometrics,True,['napari'],napari,unpinned,1,unpinned
morphospaces,True,"['napari; extra == ""testing""']",napari,unpinned,1,unpinned
motile-plugin,True,"['napari[all]', 'napari; extra == ""testing""']",napari,unpinned,2,unpinned
motile-tracker,False,[],,none,0,no_constraint
mousechd-napari,True,"['napari; extra == ""testing""']",napari,unpinned,1,unpinned
movement,True,"['napari[all]>=0.6.0; extra == ""napari""']",napari[all]>=0.6.0,range,1,malformed
msi-explorer,True,"[""napari ; extra == 'testing'""]",napari,unpinned,1,unpinned
multireg,True,['napari<=0.4.18'],napari<=0.4.18,maximum,1,maximum_incompatible
nap-plot-tools,True,"['napari; extra == ""testing""']",napari,unpinned,1,unpinned
napam,True,"['napari; extra == ""testing""']",napari,unpinned,1,unpinned
napari-3d-counter,True,['napari==0.6.4'],napari==0.6.4,exact,1,exact_incompatible
napari-3d-ortho-viewer,True,"[""napari ; extra == 'testing'""]",napari,unpinned,1,unpinned
napari-3d-registration,True,"['napari; extra == ""testing""']",napari,unpinned,1,unpinned
napari-3dtimereg,True,['napari'],napari,unpinned,1,unpinned
napari-accelerated-pixel-and-object-classification,True,['napari >=0.4.11'],napari >=0.4.11,range,1,minimum_compatible
napari-activelearning,True,"['napari', 'napari; extra == ""testing""']",napari,unpinned,2,unpinned
napari-affinities,False,[],,none,0,no_constraint
napari-afmreader,True,['napari[all]'],napari[all],complex,1,malformed
napari-aicsimageio,True,['napari (>=0.4.11)'],napari (>=0.4.11),range,1,malformed
napari-aideveloper,True,"['napari (>=0.4.14)', ""napari ; extra == 'testing'""]",napari,unpinned,2,unpinned
napari-allencell-annotator,True,"['napari>=0.4.9', 'napari>=0.4.9; extra == ""all""']",napari>=0.4.9,range,2,minimum_compatible
napari-allencell-segmenter,True,"['napari (>=0.4.9)', ""napari (>=0.4.9) ; extra == 'all'""]",napari (>=0.4.9),range,2,malformed
napari-amdtrk,True,"[""napari ; extra == 'testing'""]",napari,unpinned,1,unpinned
napari-animated-gif-io,True,['napari'],napari,unpinned,1,unpinned
napari-animation,True,['napari>=0.5'],napari>=0.5,range,1,minimum_compatible
napari-annotate,True,['napari[all]'],napari[all],complex,1,malformed
napari-annotation-project,True,"['napari; extra == ""testing""']",napari,unpinned,1,unpinned
napari-annotator,True,"['napari>=0.5.5', 'napari; extra == ""testing""']",napari,unpinned,2,unpinned
napari-annotatorj,True,['napari'],napari,unpinned,1,unpinned
napari-aphid,True,"['napari', ""napari ; extra == 'testing'""]",napari,unpinned,2,unpinned
napari-apple,True,"['napari', 'napari; extra == ""testing""']",napari,unpinned,2,unpinned
napari-apr-viewer,True,['napari'],napari,unpinned,1,unpinned
napari-arboretum,True,['napari (>=0.4.0)'],napari (>=0.4.0),range,1,malformed
napari-argos-archive-reader,True,['napari'],napari,unpinned,1,unpinned
napari-assistant-plugin-generator,False,[],,none,0,no_constraint
napari-assistant,True,['napari>=0.4.14'],napari>=0.4.14,range,1,minimum_compatible
napari-automatic-range,True,"['napari[all]; extra == ""all""', 'napari[qt]; extra == ""testing""']",napari[qt],complex,2,malformed
napari-bacseg,True,"['napari[all]==0.5.0', 'napari; extra == ""testing""']",napari,unpinned,2,unpinned
napari-basicpy,True,"['napari; extra == ""testing""', 'napari; extra == ""tox-testing""']",napari,unpinned,2,unpinned
napari-bbox-spfluo,True,['napari>=0.4.15'],napari>=0.4.15,range,1,minimum_compatible
napari-bbox,True,"['napari>=0.4.15', 'napari; extra == ""testing""']",napari,unpinned,2,unpinned
napari-bee-annotator,True,"[""napari ; extra == 'testing'""]",napari,unpinned,1,unpinned
napari-bfio,False,[],,none,0,no_constraint
napari-bigfish,True,"['napari; extra == ""testing""']",napari,unpinned,1,unpinned
napari-bigwarp,False,[],,none,0,no_constraint
napari-bil-data-viewer,True,['napari[all]'],napari[all],complex,1,malformed
napari-bio-sample-data,False,[],,none,0,no_constraint
napari-bioformats,False,[],,none,0,no_constraint
napari-bioimageio,True,['napari'],napari,unpinned,1,unpinned
napari-bioio-reader,True,"['napari[all]<0.7,>=0.6.2']","napari[all]<0.7,>=0.6.2",range,1,malformed
napari-biomag-annotator,True,"['napari', ""napari ; extra == 'testing'""]",napari,unpinned,2,unpinned
napari-biopb,True,"['napari; extra == ""testing""']",napari,unpinned,1,unpinned
napari-bleach-correct,True,"[""napari ; extra == 'testing'""]",napari,unpinned,1,unpinned
napari-blender-bridge,False,[],,none,0,no_constraint
napari-blender,False,[],,none,0,no_constraint
napari-blob-detection,True,['napari (>=0.4.13)'],napari (>=0.4.13),range,1,malformed
napari-blosc2,False,[],,none,0,no_constraint
napari-blossom,True,"['napari', 'napari; extra == ""testing""']",napari,unpinned,2,unpinned
napari-bluesky,True,"['napari; extra == ""testing""']",napari,unpinned,1,unpinned
napari-boardgame-maker,True,"[""napari ; extra == 'testing'""]",napari,unpinned,1,unpinned
napari-boids,False,[],,none,0,no_constraint
napari-bootstrapper,True,"['napari', 'napari; extra == ""testing""']",napari,unpinned,2,unpinned
napari-boxmanager,True,"['napari>=0.4.17', 'napari; extra == ""testing""']",napari,unpinned,2,unpinned
napari-brainbow-diagnose,True,"['napari; extra == ""testing""']",napari,unpinned,1,unpinned
napari-brainways,True,['napari[all]>=0.5.0'],napari[all]>=0.5.0,range,1,malformed
napari-brightness-contrast,True,['napari'],napari,unpinned,1,unpinned
napari-brushsettings,False,[],,none,0,no_constraint
napari-btrack-reader,False,[],,none,0,no_constraint
napari-bud-cell-segmenter,True,"['napari', ""napari ; extra == 'testing'""]",napari,unpinned,2,unpinned
napari-buds,True,"['napari', ""napari ; extra == 'testing'""]",napari,unpinned,2,unpinned
napari-calibration,False,[],,none,0,no_constraint
napari-camera,True,"['napari; extra == ""testing""']",napari,unpinned,1,unpinned
napari-caphid,True,"[""napari ; extra == 'testing'""]",napari,unpinned,1,unpinned
napari-cardio-bio-eval,True,"['napari[pyqt5]', 'napari; extra == ""testing""']",napari,unpinned,2,unpinned
napari-cci-annotator,True,"['napari; extra == ""testing""']",napari,unpinned,1,unpinned
napari-ccp4map,False,[],,none,0,no_constraint
napari-cell-centroid-annotator,True,"['napari', ""napari ; extra == 'testing'""]",napari,unpinned,2,unpinned
napari-cellseg3d,True,['napari[all]>=0.4.14'],napari[all]>=0.4.14,range,1,malformed
napari-chatgpt,True,"['napari; extra == ""testing""']",napari,unpinned,1,unpinned
napari-checkerboard,True,['napari (>=0.4.6)'],napari (>=0.4.6),range,1,malformed
napari-cilia-beating-frequency,True,['napari[all]'],napari[all],complex,1,malformed
napari-clemreg,True,['napari'],napari,unpinned,1,unpinned
napari-clipboard,True,"['napari', ""napari ; extra == 'testing'""]",napari,unpinned,2,unpinned
napari-clusters-plotter,True,"['napari', 'napari; extra == ""testing""']",napari,unpinned,2,unpinned
napari-compressed-labels-io,False,[],,none,0,no_constraint
napari-conference,True,"[""napari ; extra == 'testing'""]",napari,unpinned,1,unpinned
napari-conidie,True,"['napari', 'napari; extra == ""testing""']",napari,unpinned,2,unpinned
napari-console,True,"['napari[pyqt]; extra == ""testing""']",napari[pyqt],complex,1,malformed
napari-convpaint,True,['napari'],napari,unpinned,1,unpinned
napari-cookiecut,True,"[""napari ; extra == 'testing'""]",napari,unpinned,1,unpinned
napari-copick,True,"['napari', 'napari; extra == ""testing""']",napari,unpinned,2,unpinned
napari-correct-drift,True,"['napari', ""napari ; extra == 'testing'""]",napari,unpinned,2,unpinned
napari-cosmos-ts,False,[],,none,0,no_constraint
napari-crop,False,[],,none,0,no_constraint
napari-cryoet-data-portal,True,"['napari>=0.4.19', 'napari; extra == ""testing""']",napari,unpinned,2,unpinned
napari-cryofibsem-imgproc,True,"['napari; extra == ""testing""']",napari,unpinned,1,unpinned
napari-cryofibsem-monitor,False,[],,none,0,no_constraint
napari-ctc-io,True,['napari'],napari,unpinned,1,unpinned
napari-cupy-image-processing,False,[],,none,0,no_constraint
napari-cursor-tracker,True,"[""napari ; extra == 'testing'""]",napari,unpinned,1,unpinned
napari-curtain,False,[],,none,0,no_constraint
napari-curviewer,True,"[""napari ; extra == 'testing'""]",napari,unpinned,1,unpinned
napari-czann-segment,True,"['napari', ""napari ; extra == 'testing'""]",napari,unpinned,2,unpinned
napari-czi-reader,True,"['napari[all]; extra == ""dev""']",napari[all],complex,1,malformed
napari-czifile,False,[],,none,0,no_constraint
napari-czifile2,False,[],,none,0,no_constraint
napari-czitools,True,"['napari; extra == ""testing""']",napari,unpinned,1,unpinned
napari-dab-cellcount,True,['napari'],napari,unpinned,1,unpinned
napari-data-inspection,True,"['napari; extra == ""testing""']",napari,unpinned,1,unpinned
napari-data-preview,True,['napari[all]'],napari[all],complex,1,malformed
napari-deepfinder,True,['napari'],napari,unpinned,1,unpinned
napari-deeplabcut,True,['napari==0.4.18'],napari==0.4.18,exact,1,exact_incompatible
napari-deepmeta,True,"['napari', ""napari ; extra == 'testing'""]",napari,unpinned,2,unpinned
napari-deepspot,True,['napari'],napari,unpinned,1,unpinned
napari-demo,False,[],,none,0,no_constraint
napari-denoiseg,True,['napari (<=0.4.15)'],napari (<=0.4.15),maximum,1,malformed
napari-dexp,True,['napari'],napari,unpinned,1,unpinned
napari-dinosim,True,"['napari[all]', 'napari>=0.5.6; extra == ""testing""']",napari>=0.5.6,range,2,minimum_incompatible
napari-dmc-brainmap,False,[],,none,0,no_constraint
napari-dpr,True,['napari>=0.4.18'],napari>=0.4.18,range,1,minimum_compatible
napari-dv,False,[],,none,0,no_constraint
napari-dvid,False,[],,none,0,no_constraint
napari-dzi-zarr,False,[],,none,0,no_constraint
napari-easy-augment-batch-dl,True,"['napari; extra == ""testing""']",napari,unpinned,1,unpinned
napari-ehooke,True,"['napari[all]', 'napari; extra == ""testing""']",napari,unpinned,2,unpinned
napari-elementary-numpy-operations,False,[],,none,0,no_constraint
napari-em-reader,False,[],,none,0,no_constraint
napari-emd,True,"[""napari ; extra == 'testing'""]",napari,unpinned,1,unpinned
napari-epyseg,True,"['napari<=0.6.1', 'napari; extra == ""testing""']",napari,unpinned,2,unpinned
napari-error-reporter,False,[],,none,0,no_constraint
napari-event-monitor,False,[],,none,0,no_constraint
napari-exodeepfinder,True,"['napari[all]>=0.4.19; extra == ""all""', 'napari[all]>=0.4.19; extra == ""testing""']",napari[all]>=0.4.19,range,2,malformed
napari-explorer,True,"['napari', 'napari; extra == ""testing""']",napari,unpinned,2,unpinned
napari-fast4dreg,True,"['napari; extra == ""testing""']",napari,unpinned,1,unpinned
napari-feature-classifier,True,['napari'],napari,unpinned,1,unpinned
napari-feature-visualization,True,"['napari; extra == ""testing""']",napari,unpinned,1,unpinned
napari-features-selector,True,"[""napari ; extra == 'testing'""]",napari,unpinned,1,unpinned
napari-features,True,['napari (>=0.4.10)'],napari (>=0.4.10),range,1,malformed
napari-figure,True,"[""napari ; extra == 'testing'""]",napari,unpinned,1,unpinned
napari-filament-annotator,True,"[""napari ; extra == 'testing'""]",napari,unpinned,1,unpinned
napari-filaments,True,"['napari; extra == ""napari""', 'napari; extra == ""testing""']",napari,unpinned,2,unpinned
napari-file-watcher,True,['napari'],napari,unpinned,1,unpinned
napari-file2folder,True,"['napari; extra == ""testing""']",napari,unpinned,1,unpinned
napari-filter-labels-by-prop,True,"['napari; extra == ""testing""']",napari,unpinned,1,unpinned
napari-findaureus,True,"['napari[all]', 'napari; extra == ""testing""']",napari,unpinned,2,unpinned
napari-flim-phasor-plotter,True,"['napari>=0.4.19', 'napari; extra == ""testing""']",napari,unpinned,2,unpinned
napari-flowreg,True,"['napari[all]>=0.4.18; extra == ""testing""', 'napari[all]>=0.4.18; extra == ""dev""']",napari[all]>=0.4.18,range,2,malformed
napari-fluoresfm,True,"['napari', 'napari[all]; extra == ""all""', 'napari[qt]; extra == ""testing""']",napari[qt],complex,3,malformed
napari-folder-browser,False,[],,none,0,no_constraint
napari-geff,True,"['napari[all]; extra == ""all""', 'napari[qt]; extra == ""testing""']",napari[qt],complex,2,malformed
napari-gemspa,True,"['napari', ""napari ; extra == 'testing'""]",napari,unpinned,2,unpinned
napari-generic-simulator,True,"['napari; extra == ""testing""']",napari,unpinned,1,unpinned
napari-geojson,True,"[""napari[all] ; extra == 'testing'""]",napari[all],complex,1,malformed
napari-geoscience-viewer,True,"[""napari ; extra == 'testing'""]",napari,unpinned,1,unpinned
napari-graph,False,[],,none,0,no_constraint
napari-grid-cropping,True,"['napari; extra == ""testing""']",napari,unpinned,1,unpinned
napari-griottes,False,[],,none,0,no_constraint
napari-gruvbox,False,[],,none,0,no_constraint
napari-h5,False,[],,none,0,no_constraint
napari-hdf5-labels-io,False,[],,none,0,no_constraint
napari-hdf5-netcdf-viewer,False,[],,none,0,no_constraint
napari-hello,False,[],,none,0,no_constraint
napari-help,True,"['napari', ""napari ; extra == 'testing'""]",napari,unpinned,2,unpinned
napari-hierarchical,True,"['napari (<0.4.18,>=0.4.17)', ""napari ; extra == 'testing'""]",napari,unpinned,2,unpinned
napari-himena,True,"['napari; extra == ""testing""']",napari,unpinned,1,unpinned
napari-hippo,True,"['napari; extra == ""testing""']",napari,unpinned,1,unpinned
napari-hough-circle-detector,True,['napari[all]'],napari[all],complex,1,malformed
napari-hsi-analysis,True,"['napari; extra == ""testing""']",napari,unpinned,1,unpinned
napari-ids,False,[],,none,0,no_constraint
napari-image-stacker,False,[],,none,0,no_constraint
napari-imagecodecs,False,[],,none,0,no_constraint
napari-imagegrains,True,"['napari; extra == ""testing""']",napari,unpinned,1,unpinned
napari-imagej,True,['napari>=0.4.17'],napari>=0.4.17,range,1,minimum_compatible
napari-imaris-loader,True,['napari[all]'],napari[all],complex,1,malformed
napari-imc,False,[],,none,0,no_constraint
napari-imodmodel,False,[],,none,0,no_constraint
napari-imsmicrolink,True,['napari[all]'],napari[all],complex,1,malformed
napari-indices,True,"[""napari ; extra == 'testing'""]",napari,unpinned,1,unpinned
napari-input-visualizer,True,"['napari', ""napari ; extra == 'testing'""]",napari,unpinned,2,unpinned
napari-intensity-plotter,True,"['napari; extra == ""testing""']",napari,unpinned,1,unpinned
napari-ip-workflow,True,"[""napari ; extra == 'testing'""]",napari,unpinned,1,unpinned
napari-ism,True,"[""napari ; extra == 'testing'""]",napari,unpinned,1,unpinned
napari-isolate-cell,True,"['napari[all]', 'napari; extra == ""testing""']",napari,unpinned,2,unpinned
napari-itk-io,False,[],,none,0,no_constraint
napari-j,False,[],,none,0,no_constraint
napari-k2-wavebreaker,True,"['napari; extra == ""testing""']",napari,unpinned,1,unpinned
napari-kics,True,['napari[all]'],napari[all],complex,1,malformed
napari-kld,True,"['napari; extra == ""testing""']",napari,unpinned,1,unpinned
napari-kldeconv,True,"['napari[all]; extra == ""all""', 'napari[qt]; extra == ""testing""']",napari[qt],complex,2,malformed
napari-label-interpolator,True,"[""napari ; extra == 'testing'""]",napari,unpinned,1,unpinned
napari-label-manager,True,"['napari[all]; extra == ""all""', 'napari[qt]; extra == ""testing""']",napari[qt],complex,2,malformed
napari-labelimg4classification,True,['napari'],napari,unpinned,1,unpinned
napari-labeling,False,[],,none,0,no_constraint
napari-labelling-assistant,False,[],,none,0,no_constraint
napari-labelprop,True,"[""napari ; extra == 'testing'""]",napari,unpinned,1,unpinned
napari-labels-overlap,False,[],,none,0,no_constraint
napari-labels,True,"['napari; extra == ""testing""']",napari,unpinned,1,unpinned
napari-laber-manager,True,"['napari[all]; extra == ""all""', 'napari[qt]; extra == ""testing""']",napari[qt],complex,2,malformed
napari-laptrack,False,[],,none,0,no_constraint
napari-large-image-importer,True,"[""napari ; extra == 'testing'""]",napari,unpinned,1,unpinned
napari-lattice,True,['napari[all]>=0.4.11'],napari[all]>=0.4.11,range,1,malformed
napari-layer-details-display,False,[],,none,0,no_constraint
napari-layer-divider,True,"['napari[all]; extra == ""all""', 'napari[qt]; extra == ""testing""']",napari[qt],complex,2,malformed
napari-layer-table,False,[],,none,0,no_constraint
napari-lazy-openslide,False,[],,none,0,no_constraint
napari-lf,True,['napari[all]'],napari[all],complex,1,malformed
napari-lfdfiles,False,[],,none,0,no_constraint
napari-listener,True,['napari'],napari,unpinned,1,unpinned
napari-live-flim,True,"[""napari ; extra == 'testing'""]",napari,unpinned,1,unpinned
napari-live-recording,True,"['napari[all]', ""napari ; extra == 'testing'""]",napari,unpinned,2,unpinned
napari-locan,True,"['napari', 'napari>=0.4.17; extra == ""docs""']",napari>=0.4.17,range,2,minimum_compatible
napari-locpix,True,"[""napari ; extra == 'testing'""]",napari,unpinned,1,unpinned
napari-macrokit,True,"[""napari ; extra == 'testing'""]",napari,unpinned,1,unpinned
napari-mahotas-image-processing,False,[],,none,0,no_constraint
napari-maicrobe,True,"['napari[all]', 'napari; extra == ""testing""']",napari,unpinned,2,unpinned
napari-manual-registration,True,"['napari; extra == ""testing""']",napari,unpinned,1,unpinned
napari-manual-split-and-merge-labels,False,[],,none,0,no_constraint
napari-manual-transforms,True,"['napari', ""napari ; extra == 'testing'""]",napari,unpinned,2,unpinned
napari-mask-density,True,"['napari; extra == ""testing""']",napari,unpinned,1,unpinned
napari-mass,True,"['napari; extra == ""testing""']",napari,unpinned,1,unpinned
napari-mat-file-reader,False,[],,none,0,no_constraint
napari-mat-images,False,[],,none,0,no_constraint
napari-math,False,[],,none,0,no_constraint
napari-matplotlib,True,"['napari>=0.5', 'napari[all]; extra == ""docs""', 'napari[pyqt6_experimental]>=0.4.18; extra == ""testing""']",napari[pyqt6_experimental]>=0.4.18,range,3,malformed
napari-mclabel,True,['napari[all]'],napari[all],complex,1,malformed
napari-medical-image-formats,False,[],,none,0,no_constraint
napari-melt-pool-tracker,True,"['napari', 'napari; extra == ""testing""']",napari,unpinned,2,unpinned
napari-memmap-tiff,True,"['napari; extra == ""testing""']",napari,unpinned,1,unpinned
napari-merge-stardist-masks,True,"[""napari ; extra == 'testing'""]",napari,unpinned,1,unpinned
napari-meshio,True,"[""napari ; extra == 'testing'""]",napari,unpinned,1,unpinned
napari-mesofield,True,"['napari; extra == ""testing""']",napari,unpinned,1,unpinned
napari-metroid,False,[],,none,0,no_constraint
napari-micromanager,True,['napari>=0.4.13'],napari>=0.4.13,range,1,minimum_compatible
napari-microscope,False,[],,none,0,no_constraint
napari-microtubule-analyzer,False,[],,none,0,no_constraint
napari-mm3,False,[],,none,0,no_constraint
napari-molecule-reader,False,[],,none,0,no_constraint
napari-molseeq,True,"['napari[all]==0.5.0', 'napari; extra == ""testing""']",napari,unpinned,2,unpinned
napari-moltrack,True,"['napari[all]==0.5.0', 'napari; extra == ""testing""']",napari,unpinned,2,unpinned
napari-morphodynamics,False,[],,none,0,no_constraint
napari-mouse-controls,True,['napari'],napari,unpinned,1,unpinned
napari-mrcfile-handler,False,[],,none,0,no_constraint
napari-mrcfile-reader,False,[],,none,0,no_constraint
napari-mri,False,[],,none,0,no_constraint
napari-multitask,False,[],,none,0,no_constraint
napari-mzarr,False,[],,none,0,no_constraint
napari-n2v,True,['napari'],napari,unpinned,1,unpinned
napari-nanopyx,True,['napari'],napari,unpinned,1,unpinned
napari-napari,True,"[""napari ; extra == 'testing'""]",napari,unpinned,1,unpinned
napari-nasa-samples,False,[],,none,0,no_constraint
napari-nd-annotator,True,"['napari>=0.4.11', 'napari; extra == ""testing""']",napari,unpinned,2,unpinned
napari-nd-cropper,False,[],,none,0,no_constraint
napari-nd2-folder-viewer,True,"[""napari ; extra == 'testing'""]",napari,unpinned,1,unpinned
napari-ndev,True,"['napari[optional]>=0.4.19', 'napari[all]; extra == ""testing""', 'napari[pyqt6]; extra == ""pyqt6""', 'napari[pyqt5]; extra == ""pyqt5""', 'napari[pyside]; extra == ""pyside""']",napari[pyside],complex,5,malformed
napari-ndtiffs,False,[],,none,0,no_constraint
napari-netpbmfile,False,[],,none,0,no_constraint
napari-nibabel,False,[],,none,0,no_constraint
napari-nifti-viewer,True,['napari>=0.4.18'],napari>=0.4.18,range,1,minimum_compatible
napari-nifti,False,[],,none,0,no_constraint
napari-nikon-nd2,False,[],,none,0,no_constraint
napari-nlm,True,"[""napari ; extra == 'testing'""]",napari,unpinned,1,unpinned
napari-nninteractive,True,"['napari; extra == ""testing""']",napari,unpinned,1,unpinned
napari-noise2vst,True,"['napari', 'napari[all]; extra == ""all""', 'napari[qt]; extra == ""testing""']",napari[qt],complex,3,malformed
napari-nucleaizer,True,['napari'],napari,unpinned,1,unpinned
napari-nuclephaser,True,"['napari', 'napari; extra == ""testing""']",napari,unpinned,2,unpinned
napari-nyxus,True,['napari'],napari,unpinned,1,unpinned
napari-obj,False,[],,none,0,no_constraint
napari-oclrfc,False,[],,none,0,no_constraint
napari-oiffile,False,[],,none,0,no_constraint
napari-omaas,True,"['napari; extra == ""testing""']",napari,unpinned,1,unpinned
napari-ome-zarr-navigator,True,"['napari; extra == ""testing""']",napari,unpinned,1,unpinned
napari-ome-zarr,True,['napari>=0.4.13'],napari>=0.4.13,range,1,minimum_compatible
napari-omero-downloader-cci,True,"['napari[all]; extra == ""all""']",napari[all],complex,1,malformed
napari-omero,True,"['napari>=0.5.0', 'napari[all]; extra == ""all""', 'napari[all]; extra == ""dev""']",napari[all],complex,3,malformed
napari-open-ctc,True,['napari'],napari,unpinned,1,unpinned
napari-openfibsem,True,"[""napari ; extra == 'testing'""]",napari,unpinned,1,unpinned
napari-opt-handler,True,"['napari[pyqt5]; extra == ""napari""']",napari[pyqt5],complex,1,malformed
napari-organoid-counter,True,"['napari[all]<0.5.0,>=0.4.17', 'napari; extra == ""testing""']",napari,unpinned,2,unpinned
napari-orientationpy,True,['napari[all]>=0.4.16'],napari[all]>=0.4.16,range,1,malformed
napari-owncloud,False,[],,none,0,no_constraint
napari-parallel,True,"[""napari ; extra == 'testing'""]",napari,unpinned,1,unpinned
napari-patchcreator,True,"['napari', ""napari ; extra == 'testing'""]",napari,unpinned,2,unpinned
napari-pdf-reader,False,[],,none,0,no_constraint
napari-pdr-reader,True,['napari'],napari,unpinned,1,unpinned
napari-phasors,True,"['napari; extra == ""testing""']",napari,unpinned,1,unpinned
napari-philow,True,"['napari; extra == ""testing""']",napari,unpinned,1,unpinned
napari-picasso,True,"[""napari[all] ; extra == 'testing'""]",napari[all],complex,1,malformed
napari-pitcount-cfim,True,"['napari[all]; extra == ""napari""', 'napari[all]; extra == ""dev""']",napari[all],complex,2,malformed
napari-pixel-correction,True,"['napari', ""napari ; extra == 'testing'""]",napari,unpinned,2,unpinned
napari-pixseq,True,"['napari[all]', 'napari; extra == ""testing""']",napari,unpinned,2,unpinned
napari-plot-profile,True,['napari'],napari,unpinned,1,unpinned
napari-plot,True,"['napari (<0.4.15,>=0.4.13)']","napari (<0.4.15,>=0.4.13)",range,1,malformed
napari-plugin-manager,False,[],,none,0,no_constraint
napari-plugin-search,False,[],,none,0,no_constraint
napari-points2regions,True,"['napari', ""napari ; extra == 'testing'""]",napari,unpinned,2,unpinned
napari-pointslayer-projection,True,"[""napari ; extra == 'testing'""]",napari,unpinned,1,unpinned
napari-potential-field-navigation,True,"['napari', ""napari ; extra == 'testing'""]",napari,unpinned,2,unpinned
napari-power-spectrum,True,"[""napari ; extra == 'testing'""]",napari,unpinned,1,unpinned
napari-power-widgets,True,['napari'],napari,unpinned,1,unpinned
napari-pram,True,"[""napari ; extra == 'testing'""]",napari,unpinned,1,unpinned
napari-prism,True,"['napari[all]', 'napari; extra == ""testing""']",napari,unpinned,2,unpinned
napari-process-points-and-surfaces,True,['napari'],napari,unpinned,1,unpinned
napari-proofread-brainbow,True,"['napari; extra == ""testing""']",napari,unpinned,1,unpinned
napari-properties-plotter,False,[],,none,0,no_constraint
napari-properties-viewer,False,[],,none,0,no_constraint
napari-psf-analysis,True,"['napari', 'napari; extra == ""testing""']",napari,unpinned,2,unpinned
napari-psf-extractor,False,[],,none,0,no_constraint
napari-psf-simulator,True,"[""napari ; extra == 'testing'""]",napari,unpinned,1,unpinned
napari-psfgenerator,True,"['napari', 'napari; extra == ""napari""', 'napari; extra == ""testing""']",napari,unpinned,3,unpinned
napari-pssr,True,['napari'],napari,unpinned,1,unpinned
napari-pyav,False,[],,none,0,no_constraint
napari-pyclesperanto-assistant,True,['napari>=0.4.15'],napari>=0.4.15,range,1,minimum_compatible
napari-pymeshlab,True,['napari'],napari,unpinned,1,unpinned
napari-pystackreg,True,"[""napari ; extra == 'testing'""]",napari,unpinned,1,unpinned
napari-qrcode,True,"[""napari ; extra == 'testing'""]",napari,unpinned,1,unpinned
napari-quoll,True,"[""napari ; extra == 'testing'""]",napari,unpinned,1,unpinned
napari-rembg,True,"['napari[all] >=0.4.16', ""napari ; extra == 'testing'""]",napari,unpinned,2,unpinned
napari-result-stack,True,"[""napari ; extra == 'testing'""]",napari,unpinned,1,unpinned
napari-rioxarray,True,['napari'],napari,unpinned,1,unpinned
napari-roi-manager,True,"['napari; extra == ""testing""']",napari,unpinned,1,unpinned
napari-roi-registration,True,"[""napari ; extra == 'testing'""]",napari,unpinned,1,unpinned
napari-roi,False,[],,none,0,no_constraint
napari-roxas-ai,True,"['napari[all]==0.5.6', 'napari==0.5.6; extra == ""testing""']",napari==0.5.6,exact,2,exact_incompatible
napari-sairyscan,True,"[""napari ; extra == 'testing'""]",napari,unpinned,1,unpinned
napari-sam,True,"['napari', ""napari ; extra == 'testing'""]",napari,unpinned,2,unpinned
napari-sam2long,True,"['napari; extra == ""testing""']",napari,unpinned,1,unpinned
napari-sam4is,True,['napari[all]>=0.4.17'],napari[all]>=0.4.17,range,1,malformed
napari-samv2,True,"['napari; extra == ""testing""']",napari,unpinned,1,unpinned
napari-save-transformed,True,['napari'],napari,unpinned,1,unpinned
napari-sc3d-viewer,True,"['napari; extra == ""testing""']",napari,unpinned,1,unpinned
napari-script-editor,True,['napari'],napari,unpinned,1,unpinned
napari-sdeconv,True,"[""napari ; extra == 'testing'""]",napari,unpinned,1,unpinned
napari-sdtfile,False,[],,none,0,no_constraint
napari-sediment,True,"['napari; extra == ""testing""']",napari,unpinned,1,unpinned
napari-seedseg,False,[],,none,0,no_constraint
napari-segment-anything-2,True,"['napari; extra == ""testing""']",napari,unpinned,1,unpinned
napari-segment-anything,True,['napari'],napari,unpinned,1,unpinned
napari-segment-blobs-and-things-with-membranes,False,[],,none,0,no_constraint
napari-segment-everything,True,"['napari', 'napari; extra == ""testing""']",napari,unpinned,2,unpinned
napari-segment,True,['napari'],napari,unpinned,1,unpinned
napari-segmentation-overlap-filter,True,"['napari; extra == ""testing""']",napari,unpinned,1,unpinned
napari-segselect,True,"['napari; extra == ""testing""']",napari,unpinned,1,unpinned
napari-serialcellpose,True,"['napari; extra == ""testing""']",napari,unpinned,1,unpinned
napari-shape-odyssey,True,['napari'],napari,unpinned,1,unpinned
napari-sif-reader,False,[],,none,0,no_constraint
napari-sift-registration,True,"[""napari ; extra == 'testing'""]",napari,unpinned,1,unpinned
napari-signal-selector,True,"['napari>=0.4.19; extra == ""testing""']",napari>=0.4.19,range,1,minimum_compatible
napari-sim-processor,True,"[""napari ; extra == 'testing'""]",napari,unpinned,1,unpinned
napari-sim-simulator,True,"[""napari ; extra == 'testing'""]",napari,unpinned,1,unpinned
napari-simple-orthoviewer,True,"['napari', 'napari; extra == ""testing""']",napari,unpinned,2,unpinned
napari-simpleannotate,True,"['napari; extra == ""testing""']",napari,unpinned,1,unpinned
napari-simpleitk-image-processing,False,[],,none,0,no_constraint
napari-sketchpose,True,"[""napari ; extra == 'testing'""]",napari,unpinned,1,unpinned
napari-skimage-regionprops,True,['napari'],napari,unpinned,1,unpinned
napari-skimage,True,"['napari; extra == ""testing""']",napari,unpinned,1,unpinned
napari-smlmlab,True,"['napari[all]==0.5.0', 'napari; extra == ""testing""']",napari,unpinned,2,unpinned
napari-solarized,False,[],,none,0,no_constraint
napari-spacetx-explorer,True,['napari'],napari,unpinned,1,unpinned
napari-spatial-correlation-plotter,True,"['napari; extra == ""testing""']",napari,unpinned,1,unpinned
napari-spatial-omics,False,[],,none,0,no_constraint
napari-spatialdata,True,"['napari>=0.6.2', 'napari[pyqt5]; extra == ""all""']",napari[pyqt5],complex,2,malformed
napari-spfluo,False,[],,none,0,no_constraint
napari-splinebox,True,"['napari; extra == ""testing""']",napari,unpinned,1,unpinned
napari-splinedist,True,"[""napari ; extra == 'testing'""]",napari,unpinned,1,unpinned
napari-splineit,True,"[""napari ; extra == 'testing'""]",napari,unpinned,1,unpinned
napari-spofi,True,"[""napari ; extra == 'testing'""]",napari,unpinned,1,unpinned
napari-spotiflow,True,['napari>=0.5'],napari>=0.5,range,1,minimum_compatible
napari-spreadsheet,True,"['napari', ""napari ; extra == 'testing'""]",napari,unpinned,2,unpinned
napari-stable-diffusion,True,"['napari', ""napari ; extra == 'testing'""]",napari,unpinned,2,unpinned
napari-steinpose,True,"[""napari ; extra == 'testing'""]",napari,unpinned,1,unpinned
napari-stitcher,True,"['napari', 'napari; extra == ""testing""']",napari,unpinned,2,unpinned
napari-stl-exporter,True,['napari'],napari,unpinned,1,unpinned
napari-stracking,True,['napari'],napari,unpinned,1,unpinned
napari-stress,True,['napari'],napari,unpinned,1,unpinned
napari-subboxer,True,['napari[pyqt5] (==0.4.12)'],napari[pyqt5] (==0.4.12),exact,1,malformed
napari-superres,False,[],,none,0,no_constraint
napari-svetlana,False,[],,none,0,no_constraint
napari-svg,True,"['napari>=0.4; extra == ""testing""']",napari>=0.4,range,1,minimum_compatible
napari-swc-editor,True,"['napari; extra == ""testing""']",napari,unpinned,1,unpinned
napari-swc-reader,False,[],,none,0,no_constraint
napari-tabu,True,['napari'],napari,unpinned,1,unpinned
napari-tapenade-processing,True,"['napari; extra == ""testing""']",napari,unpinned,1,unpinned
napari-tardis-em,True,"['napari>=0.5.0', 'napari; extra == ""testing""']",napari,unpinned,2,unpinned
napari-text-layer,False,[],,none,0,no_constraint
napari-threedee,True,['napari>=0.5.0'],napari>=0.5.0,range,1,minimum_compatible
napari-tiff,False,[],,none,0,no_constraint
napari-tifffile,False,[],,none,0,no_constraint
napari-tiledb-bioimg,True,"[""napari ; extra == 'testing'""]",napari,unpinned,1,unpinned
napari-tiler,False,[],,none,0,no_constraint
napari-time-series-plotter,True,"[""napari ; extra == 'testing'""]",napari,unpinned,1,unpinned
napari-time-slicer,False,[],,none,0,no_constraint
napari-timelapse-processor,True,['napari'],napari,unpinned,1,unpinned
napari-timeseries-opener-plugin,False,[],,none,0,no_constraint
napari-tissue-cuboid-analysis,True,"['napari; extra == ""testing""']",napari,unpinned,1,unpinned
napari-tissuumaps,True,"[""napari ; extra == 'testing'""]",napari,unpinned,1,unpinned
napari-tmidas,True,"['napari; extra == ""testing""']",napari,unpinned,1,unpinned
napari-tomocube-data-viewer,False,[],,none,0,no_constraint
napari-tomodl,True,"['napari[all]', 'napari; extra == ""testing""']",napari,unpinned,2,unpinned
napari-tomoslice,True,['napari[pyqt5]'],napari[pyqt5],complex,1,malformed
napari-tomotwin,False,[],,none,0,no_constraint
napari-toolkit,True,"['napari; extra == ""testing""']",napari,unpinned,1,unpinned
napari-toothfairy-annotator,True,"['napari; extra == ""testing""']",napari,unpinned,1,unpinned
napari-toska,True,"['napari; extra == ""testing""']",napari,unpinned,1,unpinned
napari-tracing,True,"[""napari ; extra == 'testing'""]",napari,unpinned,1,unpinned
napari-trackastra,True,"['napari; extra == ""testing""']",napari,unpinned,1,unpinned
napari-trackpy,True,"['napari', ""napari ; extra == 'testing'""]",napari,unpinned,2,unpinned
napari-tracks-reader,False,[],,none,0,no_constraint
napari-trait2d,True,['napari[pyqt5]'],napari[pyqt5],complex,1,malformed
napari-tree-rings,True,"['napari; extra == ""testing""']",napari,unpinned,1,unpinned
napari-turing,True,"['napari', ""napari ; extra == 'testing'""]",napari,unpinned,2,unpinned
napari-tyssue,True,"[""napari ; extra == 'testing'""]",napari,unpinned,1,unpinned
napari-ufish,True,['napari'],napari,unpinned,1,unpinned
napari-ui-tracer,True,"[""napari ; extra == 'testing'""]",napari,unpinned,1,unpinned
napari-umap,True,"[""napari ; extra == 'testing'""]",napari,unpinned,1,unpinned
napari-unicell,True,"['napari', ""napari ; extra == 'testing'""]",napari,unpinned,2,unpinned
napari-unispac,True,['napari'],napari,unpinned,1,unpinned
napari-update-checker,False,[],,none,0,no_constraint
napari-utrack-loader,True,"['napari; extra == ""testing""']",napari,unpinned,1,unpinned
napari-validate-random-label-predictions,True,"[""napari ; extra == 'testing'""]",napari,unpinned,1,unpinned
napari-vascilia,True,['napari[all]'],napari[all],complex,1,malformed
napari-vector-graphics,True,"['napari; extra == ""testing""']",napari,unpinned,1,unpinned
napari-vectorizer,True,"['napari[all]', 'napari; extra == ""testing""']",napari,unpinned,2,unpinned
napari-vedo-bridge,True,"['napari', 'napari; extra == ""testing""']",napari,unpinned,2,unpinned
napari-vemseg,False,[],,none,0,no_constraint
napari-vesicles-segmentation,True,"[""napari ; extra == 'testing'""]",napari,unpinned,1,unpinned
napari-video-cvdask,False,[],,none,0,no_constraint
napari-video,False,[],,none,0,no_constraint
napari-vodex,True,"[""napari ; extra == 'testing'""]",napari,unpinned,1,unpinned
napari-webcam,True,['napari'],napari,unpinned,1,unpinned
napari-workflow-inspector,False,[],,none,0,no_constraint
napari-workflow-optimizer,False,[],,none,0,no_constraint
napari-workshop-browser,True,"['napari', ""napari ; extra == 'testing'""]",napari,unpinned,2,unpinned
napari-workshop-plugin,True,"[""napari ; extra == 'testing'""]",napari,unpinned,1,unpinned
napari-wsi,False,[],,none,0,no_constraint
napari-wsireg,True,['napari'],napari,unpinned,1,unpinned
napari-xgboost,True,"['napari; extra == ""testing""']",napari,unpinned,1,unpinned
napari-yapic-prediction,True,['napari[all]'],napari[all],complex,1,malformed
napari-yolo5-mitosis-detector,True,"[""napari ; extra == 'testing'""]",napari,unpinned,1,unpinned
napari-yolov5,False,[],,none,0,no_constraint
napari-zelda,False,[],,none,0,no_constraint
napari-zplane-depth-colorizer,True,"['napari; extra == ""testing""']",napari,unpinned,1,unpinned
napari-zulip,True,"[""napari ; extra == 'testing'""]",napari,unpinned,1,unpinned
napatrackmater,True,"['napari', 'napari; extra == ""testing""']",napari,unpinned,2,unpinned
napping,True,['napari[all] (>=0.4.16)'],napari[all] (>=0.4.16),range,1,malformed
natari,True,['napari'],napari,unpinned,1,unpinned
nd2-dask,False,[],,none,0,no_constraint
ndev-sampledata,True,"['napari[all]; extra == ""all""', 'napari; extra == ""testing""']",napari,unpinned,2,unpinned
ndev-settings,True,"['napari[all]; extra == ""all""']",napari[all],complex,1,malformed
ndev-themes,True,"['napari[all]; extra == ""all""']",napari[all],complex,1,malformed
nellie,True,['napari[all]'],napari[all],complex,1,malformed
neurofly,True,['napari'],napari,unpinned,1,unpinned
neurogenesis-napari,True,['napari[pyqt5]'],napari[pyqt5],complex,1,malformed
nfinder,False,[],,none,0,no_constraint
notochoordinates,True,"['napari; extra == ""testing""']",napari,unpinned,1,unpinned
nucleaizer-backend,False,[],,none,0,no_constraint
offset-subtraction,False,[],,none,0,no_constraint
okapi-em,True,['napari[all]'],napari[all],complex,1,malformed
ome-zarr,False,[],,none,0,no_constraint
organelle-segmenter-plugin,True,"['napari', 'napari; extra == ""testing""']",napari,unpinned,2,unpinned
ortho-view-napari,False,[],,none,0,no_constraint
palmari,True,['napari'],napari,unpinned,1,unpinned
partial-aligner,False,[],,none,0,no_constraint
partseg-smfish,True,['napari'],napari,unpinned,1,unpinned
partseg,True,"['napari>=0.4.19', 'napari[pyqt5]; extra == ""pyqt5""', 'napari[pyqt6]>=0.5.0; extra == ""pyqt6""', 'napari[pyside]; extra == ""pyside2""', 'napari[pyside6_experimental]>=0.5.0; extra == ""pyside6""']",napari[pyside6_experimental]>=0.5.0,range,5,malformed
platelet-unet-watershed,False,[],,none,0,no_constraint
platemapper,False,[],,none,0,no_constraint
platetrack,True,['napari'],napari,unpinned,1,unpinned
platymatch,True,['napari[all]'],napari[all],complex,1,malformed
popidd-io,True,"['napari', 'napari; extra == ""testing""']",napari,unpinned,2,unpinned
poser-napari,True,"['napari[all]==0.4.14', 'napari; extra == ""testing""']",napari,unpinned,2,unpinned
psf-analysis-cfim,True,"['napari[all]<0.6', 'napari; extra == ""testing""']",napari,unpinned,2,unpinned
psfmodels,False,[],,none,0,no_constraint
pssr,True,"['napari<0.5.0,>=0.4.13; extra == ""napari""']","napari<0.5.0,>=0.4.13",range,1,range_incompatible
pyclesperanto-prototype,False,[],,none,0,no_constraint
pycudadecon,False,[],,none,0,no_constraint
pystack3d-napari,True,['napari'],napari,unpinned,1,unpinned
qhyccd-capture,True,"['napari; extra == ""testing""']",napari,unpinned,1,unpinned
quantpunc,True,"['napari; extra == ""testing""']",napari,unpinned,1,unpinned
recorder-napari,True,['napari[pyqt6_experimental]'],napari[pyqt6_experimental],complex,1,malformed
redlionfish,False,[],,none,0,no_constraint
samcell-napari,True,['napari>=0.4.14'],napari>=0.4.14,range,1,minimum_compatible
segment-embryo,True,"['napari; extra == ""testing""']",napari,unpinned,1,unpinned
segmentree,True,"['napari; extra == ""testing""']",napari,unpinned,1,unpinned
set-calibration,True,"['napari; extra == ""testing""']",napari,unpinned,1,unpinned
seu-3d,False,[],,none,0,no_constraint
skan,True,"['napari[pyqt5]>=0.4.19rc1; extra == ""testing""', 'napari[all]>=0.4.19rc1; extra == ""docs""']",napari[all]>=0.4.19rc1,range,2,malformed
skeleton-finder,True,['napari'],napari,unpinned,1,unpinned
smo,False,[],,none,0,no_constraint
snouty-viewer,True,"['napari', ""napari ; extra == 'testing'""]",napari,unpinned,2,unpinned
some-library,False,[],,none,0,no_constraint
spots-in-yeasts,True,"['napari', ""napari ; extra == 'testing'""]",napari,unpinned,2,unpinned
stardist-napari,True,"['napari>=0.4.13', 'napari[pyqt]>=0.4.13; extra == ""test""']",napari[pyqt]>=0.4.13,range,2,malformed
surforama,True,"['napari; extra == ""dev""', 'napari[all]; extra == ""napari""', 'napari; extra == ""testing""']",napari,unpinned,3,unpinned
test-detect-spots,True,"[""napari ; extra == 'testing'""]",napari,unpinned,1,unpinned
the-segmentation-game,False,[],,none,0,no_constraint
tootapari,False,[],,none,0,no_constraint
traceanalyser,True,"['napari; extra == ""testing""']",napari,unpinned,1,unpinned
tracking-challenge-demo,True,"['napari', ""napari ; extra == 'testing'""]",napari,unpinned,2,unpinned
tracktour,True,"['napari; extra == ""napari""']",napari,unpinned,1,unpinned
unet-lungs-segmentation,True,"['napari[all]>=0.4.16', 'napari; extra == ""testing""']",napari,unpinned,2,unpinned
vessel-express-napari,False,[],,none,0,no_constraint
vessqc,True,['napari>=0.4.18'],napari>=0.4.18,range,1,minimum_compatible
vollseg-napari-mtrack,True,"[""napari ; extra == 'testing'""]",napari,unpinned,1,unpinned
vollseg-napari-trackmate,True,"['napari; extra == ""testing""']",napari,unpinned,1,unpinned
vollseg-napari,True,"['napari>=0.4.13', 'napari[pyqt]>=0.4.13; extra == ""test""']",napari[pyqt]>=0.4.13,range,2,malformed
waver,True,['napari (>=0.4.10)'],napari (>=0.4.10),range,1,malformed
workshop-demo,True,['napari'],napari,unpinned,1,unpinned
world2data,False,[],,none,0,no_constraint
yt-napari,True,['napari>=0.4.19'],napari>=0.4.19,range,1,minimum_compatible
zarpaint,True,"['napari>=0.4.19', 'napari[pyqt5]; extra == ""testing""']",napari[pyqt5],complex,2,malformed
zarr-tools,False,[],,none,0,no_constraint
